RIC,Market,TimestampUTC,Headline,ISIN
KJ5.SI,sgx,2018-07-25 00:00:00,BRIEF-BBR Holdings (S) Ltd Expects To Report A Net Loss For Q2,KJ5
1I5.SI,sgx,2018-07-31 15:49:00,BRIEF-Ayondo Ltd Says Thomas Winkler Re-Designated To Non-Executive Chairman,1I5
1I5.SI,sgx,2018-07-20 00:00:00,BRIEF-Ayondo Says Sean Downey Appointed CFO,1I5
43F.SI,sgx,2018-07-13 00:00:00,BRIEF-Acromec Secures Contract In Healthcare Sector Valued At S$2.9 Mln,43F
5GZ.SI,sgx,2018-07-31 11:35:00,"BRIEF-AA Group Holdings Ltd Says Minor Fire Occurred At 60 Benoi Road, Singapore",5GZ
AWG.SI,sgx,2018-07-30 11:25:00,BRIEF-Aei Corporation Expects To Report A Loss For HY2018.,AWG
O5RU.SI,sgx,2018-07-26 01:03:00,BRIEF-Aims Amp Capital Industrial Says Qtrly Distribution 2.50 Cents Per Unit,O5RU
502.SI,sgx,2018-07-13 00:00:00,"Moody's downgrades WEC Energy, Wisconsin Energy Capital and Integrys to Baa1 from A3; stable outlook",502
F17.SI,sgx,2018-07-10 00:00:00,BRIEF-Guocoland Announces Enbloc Acquisition Of Casa Meyfort Condominium By Unit For S$319.88 Mln,F17
F17.SI,sgx,2018-07-06 00:00:00,BRIEF-Guocoland Ltd Says Lai Tak Loi Resigned As CFO,F17
KJ5.SI,sgx,2018-07-25 00:00:00,BRIEF-BBR Holdings (S) Ltd Expects To Report A Net Loss For Q2,KJ5
E5H.SI,sgx,2018-07-18 00:00:00,Palm oil from Indonesia's shrinking forests taints global brands - report,E5H
BLW.SI,sgx,2018-07-27 10:15:00,BRIEF-Global Palm Resources Holdings Sees Qtrly Net Profit After Tax Substantially Lower Than Prior Year,BLW
RF7.SI,sgx,2018-07-09 00:00:00,BRIEF-Gaylin Holdings Announces Proposed Acquisition Of Entire Stake In Amos International,RF7
QS9.SI,sgx,2018-07-12 00:00:00,Global Invacom Group  - Launch of new Hangar Repeater Solution,QS9
G20.SI,sgx,2018-07-04 00:00:00,BRIEF-GP Industries Announces Proposed Disposal Of Land And Buildings Located In PRC,G20
AWS.SI,sgx,2018-07-03 00:00:00,BRIEF-Global Yellow Pages Updates On Proceedings By SAPL & SNZL,AWS
508.SI,sgx,2018-07-25 00:00:00,BRIEF-Fuji Offset Plates Manufacturing Says AME Integrated And Its Unit To Lend 50 Mln Rgt To Ipark,508
BUOU.SI,sgx,2018-07-03 00:00:00,BRIEF-Frasers Logistics & Industrial Trust To Divest Property To Trust Company (Australia),BUOU
ACV.SI,sgx,2018-07-26 12:03:00,BRIEF-Frasers Hospitality Trust Posts QTRLY Distribution Per Stapled Security 1.1226 Cents,ACV
ND8U.SI,sgx,2018-07-10 00:00:00,BRIEF-Frasers Commercial Trust Divests Property For S$216.8 MLN,ND8U
ND8U.SI,sgx,2018-07-25 00:00:00,BRIEF-Frasers Commercial Trust Posts Qtrly Net Property Income Of S$20.4 Mln,ND8U
F25U.SI,sgx,2018-07-27 10:16:00,BRIEF-Fortune Real Estate Investment Trust HY Net Property Income HK$748.6 Mln,F25U
F03.SI,sgx,2018-07-20 00:00:00,BRIEF-Food Empire Says Caffe Bene Obtained Majority Of Creditors' Consent To Start Rehabilitation Scheme,F03
ADN.SI,sgx,2018-07-27 00:15:00,BRIEF-First Sponsor Group Posts Q2 Profit Attributable Of S$12.1 Mln,ADN
D8DU.SI,sgx,2018-07-05 00:00:00,BRIEF-First Ship Lease Trust Signs New Facilities To Refinance Current Existing Outstanding Syndicated Loan,D8DU
J69U.SI,sgx,2018-07-24 00:00:00,BRIEF-Frasers Centrepoint Trust Posts Qtrly Net Property Income Of S$35 Mln,J69U
BDU.SI,sgx,2018-07-30 23:55:00,BRIEF-Federal International Sees Q2 Net Loss,BDU
AW9U.SI,sgx,2018-07-17 00:00:00,BRIEF-First Real Estate Investment Trust Says Q2 Net Property Income Was S$28.5 Mln,AW9U
J69U.SI,sgx,2018-07-31 05:37:00,Moody's: New retail space poses greater threat to retail S-REITs than the growth of online retail in the next 12-18 months,J69U
TQ5.SI,sgx,2018-07-12 00:00:00,BRIEF-Frasers Property Announces Acquisition Of Phu An Dien Real Estate JSC,TQ5
Q5T.SI,sgx,2018-07-31 01:20:00,BRIEF-Far East Hospitality Trust Says Qtrly Net Property Income S$25.7 Mln,Q5T
5FL.SI,sgx,2018-07-26 11:32:00,BRIEF-RHT Capital Says BT Investment To Make Mandatory Unconditional Cash Offer For CH Offshore,5FL
42Z.SI,sgx,2018-07-30 11:08:00,BRIEF-Eindec Corp Expects To Report A Net Loss For 1H2018,42Z
J91U.SI,sgx,2018-07-31 21:07:00,BRIEF-Viva Industrial Trust Says SGX-ST Has No Objection To Delist VIT,J91U
D6U.SI,sgx,2018-07-16 00:00:00,BRIEF-Dynamic Colours Appoints Tan Kuan Thim As Chief Financial Officer,D6U
5SO.SI,sgx,2018-07-09 00:00:00,BRIEF-Duty Free International Says To Subscribe For 2.8 Mln Shares Of Brand Connect Holding,5SO
5SO.SI,sgx,2018-07-11 00:00:00,BRIEF-Duty Free International Posts Q1 Profit Attributable Of 9 Mln RGT,5SO
F83.SI,sgx,2018-07-26 06:23:00,BRIEF-Prosafe extends standstill agreement with COSCO,F83
D05.SI,sgx,2018-07-26 06:35:00,BUZZ-Singapore's DBS Group could advance further - technicals,D05
D05.SI,sgx,2018-07-10 00:00:00,UPDATE 1-Singapore's Temasek sees slower investments after record portfolio,D05
D05.SI,sgx,2018-07-17 00:00:00,"Hong Kong regulator, banks launch blockchain-based trade finance platform",D05
D05.SI,sgx,2018-07-13 00:00:00,BREAKINGVIEWS-Sovereign investors sound market alarm,D05
D05.SI,sgx,2018-07-26 10:52:00,SE Asia Stocks-End higher; Philippines up for third straight session,D05
D01.SI,sgx,2018-07-25 00:00:00,Dairy Farm Intnl Jardine Matheson Hdg Jardine Strategic  - First Half of 2018 Results of PT Hero,D01
D01.SI,sgx,2018-07-26 10:29:00,BRIEF-Dairy Farm International Holdings Posts HY Profit Attributable Of US$225 Mln,D01
D01.SI,sgx,2018-07-31 10:26:00,Dairy Farm Intnl  - Total Voting Rights,D01
D01.SI,sgx,2018-07-26 10:06:00,Dairy Farm Intnl Jardine Matheson Hdg Jardine Strategic  - Half-year Report,D01
C52.SI,sgx,2018-07-20 00:00:00,BRIEF-Comfortdelgro Corporation Announces Incorporation Of Driving School JV In China,C52
P8A.SI,sgx,2018-07-13 00:00:00,BRIEF-Singapore Exchange Issues Query Regarding Trading Activity Of Cordlife Group,P8A
T4E.SI,sgx,2018-07-05 00:00:00,BRIEF-Compact Metal Industries Announces Resignation Of Heng Fook Chang As CFO,T4E
C29.SI,sgx,2018-07-20 00:00:00,BRIEF-Chip Eng Seng Corporation Says Unit To Buy 70 Pct Stake In  White Lodge Education Group Services Ltd,C29
C29.SI,sgx,2018-07-10 00:00:00,BRIEF-Chip Eng Seng Corp To Purchase Unit In Residential Project,C29
C29.SI,sgx,2018-07-02 00:00:00,BRIEF-Chip Eng Seng Corporation Says Unit Enters Into Contract To Buy Property In Australia,C29
C09.SI,sgx,2018-07-10 00:00:00,BRIEF-City Developments To Invest Hk$237.8 Mln In IPO Of E-House,C09
C09.SI,sgx,2018-07-06 00:00:00,"Curb on enthusiasm: Singapore property measures hit developers, investors",C09
C52.SI,sgx,2018-07-25 00:00:00,BRIEF-Comfortdelgro Corp Announces Deal To Buy Private Bus Chartering Assets For S$6.45 Million,C52
C52.SI,sgx,2018-07-06 00:00:00,"BUZZ-Singapore's Straits Times Index breaks support at 3,216 pts, sinks to 14-month low",C52
C52.SI,sgx,2018-07-05 00:00:00,"UPDATE 2-Singapore proposes fines on Grab, Uber, says merger harms competition",C52
P8A.SI,sgx,2018-07-16 00:00:00,"BRIEF-Cordlife Group Says Co In Confidential, Non-Binding Talks About Structuring Of Possible Deals",P8A
CH8.SI,sgx,2018-07-26 10:49:00,BRIEF-China Sunsine Chemical Sees Substantial Increase In Consol Net Profit For Quarter,CH8
D50.SI,sgx,2018-07-11 00:00:00,BRIEF-China Great Land Holdings Requests For Trading Halt,D50
U9E.SI,sgx,2018-07-26 11:17:00,BRIEF-China Everbright Water Secures Shandong Ji'nan Sludge Treatment Project,U9E
AZZ.SI,sgx,2018-07-27 10:51:00,BRIEF-China Gaoxian Fibre Fabric Holdings Updates On Project Huagang,AZZ
5NV.SI,sgx,2018-07-11 00:00:00,BRIEF-Chasen Holdings Expects Higher Revenue & To Operate Profitably In Fy19,5NV
5NV.SI,sgx,2018-07-30 02:51:00,BRIEF-Chasen Updates On Specialist Relocation Project In China,5NV
U9E.SI,sgx,2018-07-24 00:00:00,BRIEF-China Everbright Water Receives Approval For Multiple Subsidies Totaling Rmb16.31 Mln In HY,U9E
U9E.SI,sgx,2018-07-20 00:00:00,BRIEF-China Everbright Water Announces Supplementary Agreement For Expansion Of Plants,U9E
C92.SI,sgx,2018-07-30 11:46:00,BRIEF-China Haida Ltd Group Expects To Report Net Loss For HY,C92
5TP.SI,sgx,2018-07-04 00:00:00,BRIEF-CNMC Goldmine Holdings Says Termination Of Performance Share Plan Approved,5TP
AU8U.SI,sgx,2018-07-26 23:45:00,BRIEF-Capitaland Retail China Trust Posts Q2 Net Property Income Of S$37.6 Mln,AU8U
K2LU.SI,sgx,2018-07-31 01:11:00,BRIEF-Cache Logistics Trust posts QTRLY Distribution Per Unit 1.419 Cents,K2LU
AU8U.SI,sgx,2018-07-04 00:00:00,BRIEF-Capitaland Retail China Trust Issues Notes,AU8U
C06.SI,sgx,2018-07-06 00:00:00,BRIEF-Csc Holdings Chairman Chee Teck Kwong Patrick Retires,C06
C13.SI,sgx,2018-07-26 11:32:00,BRIEF-RHT Capital Says BT Investment To Make Mandatory Unconditional Cash Offer For CH Offshore,C13
5EB.SI,sgx,2018-07-17 00:00:00,BRIEF-Safran Says Loong Air And Cfm Sign $500 Million Agreement For Leap-1A & Cfm56-5B Engines,5EB
J85.SI,sgx,2018-07-27 00:26:00,BRIEF-Cdl Hospitality Trusts Qtrly Net Property Income S$33.6 Million,J85
CEE.SI,sgx,2018-07-25 00:00:00,BRIEF-Citic Envirotech Says Qtrly Profit Attributable S$43.3 Mln,CEE
CEE.SI,sgx,2018-07-23 00:00:00,BRIEF-Citic Envirotech Says Secured RMB134 Mln PPP Project In Guangdong Province,CEE
C06.SI,sgx,2018-07-06 00:00:00,BRIEF-Csc Holdings Appoints Leong Horn Kee Non-Executive Independent Chairman,C06
C06.SI,sgx,2018-07-27 14:56:00,BRIEF-CSC Holdings Ltd Expects A Net Loss For Q1,C06
C61U.SI,sgx,2018-07-19 00:00:00,BRIEF-Capitaland Commercial Trust Qtrly Net Property Income S$77.7 Mln,C61U
C61U.SI,sgx,2018-07-31 05:37:00,Moody's: New retail space poses greater threat to retail S-REITs than the growth of online retail in the next 12-18 months,C61U
C31.SI,sgx,2018-07-12 00:00:00,BUZZ-Singapore's CapitaLand shows signs of reversal - technicals,C31
C31.SI,sgx,2018-07-31 05:37:00,Moody's: New retail space poses greater threat to retail S-REITs than the growth of online retail in the next 12-18 months,C31
C31.SI,sgx,2018-07-26 09:55:00,BRIEF-Capitaland Says Unit Enters Strategic Alliance With Cebu Landmasters Inc,C31
C31.SI,sgx,2018-07-20 00:00:00,BRIEF-Capitaland Ltd Increases Shareholding In Unit For VND129.44 Bln,C31
C38U.SI,sgx,2018-07-31 05:37:00,Moody's: New retail space poses greater threat to retail S-REITs than the growth of online retail in the next 12-18 months,C38U
C38U.SI,sgx,2018-07-19 00:00:00,BRIEF-Capitaland Mall Trust Posts Qtrly Net Property Income Of S$120.8 Mln,C38U
BNE.SI,sgx,2018-07-11 00:00:00,BRIEF-Kencana Agri's Units Divest Interests In Pt Sawit Alam Permai For IDR3.16 Billion,BNE
EB7.SI,sgx,2018-07-25 00:00:00,BRIEF-KTL Global Updates On An Order Received From Commercial Affairs Department,EB7
EB7.SI,sgx,2018-07-27 13:28:00,BRIEF-KTL Global Clarifies On Articles In Straits Times And Business Times,EB7
5I1.SI,sgx,2018-07-25 00:00:00,BRIEF-KOP Says Epic Land To Dispose 6 Wholly-Owned Subsidiaries For S$130.1 Mln,5I1
BN4.SI,sgx,2018-07-09 00:00:00,BRIEF-Keppel Corporation Says Unit & Singapore Technologies Engineering Signed MoU,BN4
BN4.SI,sgx,2018-07-03 00:00:00,BRIEF-Keppel Corporation Completes Divestment Of Stake In Unit,BN4
BN4.SI,sgx,2018-07-02 00:00:00,BRIEF-Keppel Corporation Ltd Sells Interest In Orbista Pte For $30 Mln,BN4
BN4.SI,sgx,2018-07-19 00:00:00,BRIEF-Keppel Corporation Says CBD Aether Exercised Option To Buy Shares Of HK Aether,BN4
BN4.SI,sgx,2018-07-22 00:00:00,BRIEF-Keppel Corp Says Keppel Offshore & Marine Secures Contracts For About S$70 Mln,BN4
BN4.SI,sgx,2018-07-26 10:17:00,BRIEF-Keppel Corp Says Keppel Capital Signed MoU With Mindchamps For Education Real Estate Fund,BN4
BN4.SI,sgx,2018-07-19 00:00:00,"UPDATE 1-Singapore's Keppel Q2 profit up 44 pct on property, infrastructure divisions",BN4
BN4.SI,sgx,2018-07-19 00:00:00,"Singapore's Keppel Q2 profit up 44 pct on property, infrastructure divisions",BN4
BN4.SI,sgx,2018-07-19 00:00:00,"BRIEF-Keppel Corporation Posts Qtrly Revenue Of S$1,523 Mln",BN4
BN4.SI,sgx,2018-07-30 12:24:00,BRIEF-Keppel Corporation Acquires 9.6 Million Units In Keppel REIT,BN4
BN4.SI,sgx,2018-07-30 04:04:00,"Singapore's offshore industry recovering, but no return to glory days",BN4
AJBU.SI,sgx,2018-07-17 00:00:00,BRIEF-Keppel DC REIT Posts Qtrly Net Property Income Of S$38.1 Million,AJBU
K71U.SI,sgx,2018-07-16 00:00:00,BRIEF-Keppel REIT Announces H1 Distribution Per Unit Of 2.84 Cents,K71U
A7RU.SI,sgx,2018-07-17 00:00:00,BRIEF-Keppel Infrastructure Trust Posts Qtrly Loss Attributable Of S$4 Million,A7RU
K71U.SI,sgx,2018-07-30 12:24:00,BRIEF-Keppel Corporation Acquires 9.6 Million Units In Keppel REIT,K71U
C07.SI,sgx,2018-07-19 00:00:00,BRIEF-Jardine Cycle & Carriage Announces Purchase Of Shares In Truong Hai Auto Corporation,C07
UD2.SI,sgx,2018-07-30 12:43:00,BRIEF-Japfa Posts Qtrly Profit Attributable Of US$29.6 Mln,UD2
42R.SI,sgx,2018-07-09 00:00:00,BRIEF-Jumbo Group Says Signed Franchise Agreement For Jumbo Seafood Restaurant,42R
I06.SI,sgx,2018-07-27 10:52:00,BRIEF-Intraco Says Tay Boon Zhuan Appointed CFO,I06
C07.SI,sgx,2018-07-27 10:34:00,BRIEF-Jardine Cycle & Carriage Posts HY Profit Attributable  Of $174 MILLION,C07
42R.SI,sgx,2018-07-17 00:00:00,BRIEF-Jumbo Group Unit Enters Franchise Agreement With Ho Sing Food Co In Taiwan,42R
J17.SI,sgx,2018-07-10 00:00:00,BRIEF-Jackspeed Corporation Updates On Existing Loan Of S$10 Million To Prestige Cars Pte Ltd,J17
5JS.SI,sgx,2018-07-03 00:00:00,BRIEF-Indofood Agri Resources Announces Investment of New Sugar Asset in Brazil,5JS
5JS.SI,sgx,2018-07-26 13:53:00,BRIEF-Indofood Agri Resources Posts Qtrly Loss Attributable Of IDR69 Bln,5JS
5GI.SI,sgx,2018-07-26 18:17:00,Moody's Upgrades One and Affirms Three Classes of MSC 2005-IQ10,5GI
J37.SI,sgx,2018-07-25 00:00:00,Dairy Farm Intnl Jardine Matheson Hdg Jardine Strategic  - First Half of 2018 Results of PT Hero,J37
J37.SI,sgx,2018-07-26 11:07:00,Jardine Strategic Jardine Matheson Hdg  - PT Astra International Tbk Half Year Report,J37
J37.SI,sgx,2018-07-26 10:06:00,Dairy Farm Intnl Jardine Matheson Hdg Jardine Strategic  - Half-year Report,J37
J37.SI,sgx,2018-07-27 10:54:00,BRIEF-Jardine Strategic Holdings Says HY Profit Attributable $984 Mln,J37
J37.SI,sgx,2018-07-26 10:06:00,Hongkong Land Hldgs Jardine Strategic Jardine Matheson Hdg  - Half-year Report,J37
J37.SI,sgx,2018-07-26 10:06:00,Mandarin Oriental Jardine Strategic Jardine Matheson Hdg  - Half-year Report,J37
J37.SI,sgx,2018-07-27 10:41:00,Jardine Matheson Hdg Jardine Strategic  - Half-year Report,J37
J37.SI,sgx,2018-07-27 10:47:00,Jardine Strategic Jardine Matheson Hdg  - Half-year Report,J37
J36.SI,sgx,2018-07-25 00:00:00,Dairy Farm Intnl Jardine Matheson Hdg Jardine Strategic  - First Half of 2018 Results of PT Hero,J36
J36.SI,sgx,2018-07-26 11:07:00,Jardine Strategic Jardine Matheson Hdg  - PT Astra International Tbk Half Year Report,J36
J36.SI,sgx,2018-07-26 10:06:00,Dairy Farm Intnl Jardine Matheson Hdg Jardine Strategic  - Half-year Report,J36
J36.SI,sgx,2018-07-27 10:52:00,BRIEF-Jardine Matheson Holdings Posts H1 Profit Attributable Of $928 Mln,J36
J36.SI,sgx,2018-07-31 10:11:00,Jardine Matheson Hdg  - Total Voting Rights,J36
J36.SI,sgx,2018-07-26 10:06:00,Hongkong Land Hldgs Jardine Strategic Jardine Matheson Hdg  - Half-year Report,J36
J36.SI,sgx,2018-07-27 10:41:00,Jardine Matheson Hdg Jardine Strategic  - Half-year Report,J36
J36.SI,sgx,2018-07-26 10:06:00,Mandarin Oriental Jardine Strategic Jardine Matheson Hdg  - Half-year Report,J36
J36.SI,sgx,2018-07-27 10:47:00,Jardine Strategic Jardine Matheson Hdg  - Half-year Report,J36
J36.SI,sgx,2018-07-27 11:53:00,Jardine Cycle&Carrge Jardine Matheson Hdg  - Half-year Report,J36
I07.SI,sgx,2018-07-19 00:00:00,BRIEF-ISDN Holdings Subscribed For Additional Shares In Unit,I07
Q0F.SI,sgx,2018-07-13 00:00:00,BRIEF-Fortis Healthcare Approves Offer Of IHH Healthcare For Equity Infusion Of Rs 40 Bln,Q0F
Q0F.SI,sgx,2018-07-13 00:00:00,UPDATE 1-India Fortis accepts $584 mln stake deal from Malaysia's IHH Healthcare,Q0F
5I4.SI,sgx,2018-07-16 00:00:00,BRIEF-ICP Says Unit Entered Letter Of Intent For Proposed Disposal Of MHI MY 1 Pte Ltd,5I4
600.SI,sgx,2018-07-10 00:00:00,BRIEF-Hyflux Receives Letter Of Intent For Second Contract For Seawater Reverse Osmosis Desalination Package In Iran,600
5TN.SI,sgx,2018-07-24 00:00:00,BRIEF-IEV Holdings Says Co Via Unit Signed Memorandum Of Agreement With Ext Co. Ltd Of Korea,5TN
600.SI,sgx,2018-07-06 00:00:00,BRIEF-Hyflux Ltd Updates On Reorganisation Process,600
600.SI,sgx,2018-07-17 00:00:00,BRIEF-Hyflux Ltd Says Unit Awarded Contract For A Desalination Water Processing System Package In Turkey,600
NS8U.SI,sgx,2018-07-23 00:00:00,BRIEF-Hutchison Port Holdings Trust Says Qtrly Profit Attributable HK$170.0 Mln,NS8U
600.SI,sgx,2018-07-27 10:35:00,BRIEF-Hyflux Updates on Reorganisation Process,600
Q0F.SI,sgx,2018-07-03 00:00:00,BRIEF-IHH Healthcare Revises Existing Proposal For Fortis,Q0F
Q0F.SI,sgx,2018-07-03 00:00:00,IHH Healthcare submits revised bid for Fortis Healthcare,Q0F
Q0F.SI,sgx,2018-07-09 00:00:00,MEDIA-IHH Healthcare likely to acquire control of India's Fortis with 47-54 bln rupee-bid - Mint,Q0F
Q0F.SI,sgx,2018-07-09 00:00:00,BUZZ-India's Fortis Healthcare rises on report that IHH likely to seal Fortis deal,Q0F
Q0F.SI,sgx,2018-07-13 00:00:00,India's Fortis accepts investment offer from IHH Healthcare,Q0F
Q0F.SI,sgx,2018-07-13 00:00:00,BRIEF-IHH Healthcare Says Will Hold Minimum Of 31.1 Pct & Maximum 57.1 Pct Interest In Fortis On Deal Completion,Q0F
Q0F.SI,sgx,2018-07-13 00:00:00,BRIEF-Fortis Healthcare Doesn't Think IHH Deal Will Change Co's  Management Structure - Exec,Q0F
Q0F.SI,sgx,2018-07-13 00:00:00,BRIEF-IHH Healthcare Says Unit To Subscribe To 235.3 Mln New Fortis Shares,Q0F
Q0F.SI,sgx,2018-07-25 00:00:00,MEDIA-IHH may merge existing India hospital portfolio with Fortis Healthcare - Economic Times,Q0F
Q0F.SI,sgx,2018-07-16 00:00:00,BRIEF-IHH Seeks To Buy Fortis Shares At 170 Rupees Each In Open Offer,Q0F
AZA.SI,sgx,2018-07-31 11:45:00,BRIEF-IPC Corporation Updates On Proposed Divestment Of Group's Assets In PRC,AZA
41B.SI,sgx,2018-07-03 00:00:00,BRIEF-Huationg Global Proposes A Dual Primary Listing Of Shares,41B
H78.SI,sgx,2018-07-26 10:06:00,Hongkong Land Hldgs Jardine Strategic Jardine Matheson Hdg  - Half-year Report,H78
H22.SI,sgx,2018-07-27 13:16:00,BRIEF-Hong Leong Asia Says HL-Sunway JV Been Awarded Tender For Lease Of Land,H22
H22.SI,sgx,2018-07-18 00:00:00,BRIEF-Hong Leong Asia Says Leong Kok Ho Resigns As Chief Financial Officer,H22
H78.SI,sgx,2018-07-26 10:14:00,BRIEF-Hongkong Land Holdings Announces Interim Dividend USÂ¢6.00 Per Share,H78
5OR.SI,sgx,2018-07-26 10:29:00,BRIEF-Heatec Jietong Says Yat Wan Thiam Appointed As CFO (Designate),5OR
5OR.SI,sgx,2018-07-30 11:45:00,BRIEF-Heatec Jietong Holdings Expects To Report Net Loss For H1,5OR
DM0.SI,sgx,2018-07-24 00:00:00,BRIEF-Hanwell Holdings Announces Investment Of Property In Japan Through Unit,DM0
N01.SI,sgx,2018-07-16 00:00:00,BRIEF-Nera Telecommunications Secures S$11.7 Mln Worth Of New Contracts,N01
42D.SI,sgx,2018-07-27 11:08:00,BRIEF-Nauticawt Enters Term Sheet With Qyrin Petroleum Technology & Vectra Petroleum Ltd,42D
5IF.SI,sgx,2018-07-05 00:00:00,BRIEF-Natural Cool Holdings Announces Acquisition Of 51% Of Jad Solutions Pte. Ltd.,5IF
M03.SI,sgx,2018-07-31 12:06:00,BRIEF-Miyoshi Announces Increase of Investment in Core Power (Fujian) New Energy Automobile,M03
AWO.SI,sgx,2018-07-18 00:00:00,BRIEF-Mirach Energy Limited Requests Trading Halt,AWO
AWO.SI,sgx,2018-07-18 00:00:00,BRIEF-Mirach Energy Says Unit Acquires 70% Stake In RCL Kelstar,AWO
CNE.SI,sgx,2018-07-26 10:17:00,BRIEF-Keppel Corp Says Keppel Capital Signed MoU With Mindchamps For Education Real Estate Fund,CNE
5RF.SI,sgx,2018-07-13 00:00:00,BRIEF-Mercurius Capital Investment Entered Licensing Agreement With Clover Lifestyle,5RF
DU4.SI,sgx,2018-07-18 00:00:00,BRIEF-Mermaid Maritime Pcl Says Middle East Business Unit Been Awarded A Subsea Services Contract,DU4
1H4.SI,sgx,2018-07-25 00:00:00,BRIEF-Memories Group Says Co To Buy SM Asset Holdings Pte,1H4
5DS.SI,sgx,2018-07-03 00:00:00,BRIEF-MegaChem Ltd Says Megachem (Thailand) Incorporated JV In Myanmar,5DS
M44U.SI,sgx,2018-07-04 00:00:00,BRIEF-Mapletree Logistics Trust Announces Deals To Buy 5 Logistics Properties In Singapore,M44U
M44U.SI,sgx,2018-07-23 00:00:00,BRIEF-Mapletree Logistics Trust Posts QTRLY Net Property Income S$89.8 MLN,M44U
ME8U.SI,sgx,2018-07-24 00:00:00,BRIEF-Mapletree Industrial Trust Posts Qtrly Net Property Income Of S$69.5 Mln,ME8U
M44U.SI,sgx,2018-07-10 00:00:00,Moody's downgrades Mapletree Logistics Trust to Baa2; outlook stable,M44U
L02.SI,sgx,2018-07-06 00:00:00,BRIEF-Manhattan Resources Updates On Judgment On Claims Against Manhattan Resources (Ningbo) Property Limited,L02
RW0U.SI,sgx,2018-07-30 10:13:00,BRIEF-Mapletree North Asia Commercial Trust Posts Qtrly Net Property Income Of S$76.8 Mln,RW0U
M11.SI,sgx,2018-07-18 00:00:00,BRIEF-Manufacturing Integration Technology To Sell Entire Stake MIT Semiconductor Pte,M11
41S.SI,sgx,2018-07-05 00:00:00,BRIEF-Magnus Energy Group Announces Subscription Of 2.53 Billion Ordinary Shares In Magnus Energy Group,41S
M05.SI,sgx,2018-07-26 10:27:00,BRIEF-MTQ Corp Says Qtrly Revenue S$24.3 Mln Vs S$30.5 Mln,M05
M04.SI,sgx,2018-07-23 00:00:00,BRIEF-Mandarin Oriental International Says Craig Beattie To Succeed Stuart Dickie As CFO,M04
M04.SI,sgx,2018-07-26 11:23:00,BRIEF-Mandarin Oriental International Posts Hy Underlying Profit Of $22.3 Mln,M04
M11.SI,sgx,2018-07-27 12:08:00,BRIEF-Manufacturing Integration Technology Says Expects To Incur A Net Loss For HY,M11
M04.SI,sgx,2018-07-26 10:06:00,Mandarin Oriental Jardine Strategic Jardine Matheson Hdg  - Half-year Report,M04
N2IU.SI,sgx,2018-07-26 12:12:00,BRIEF-Mapletree Commercial Trust Says Qtrly Net Property Income S$85.9 Million,N2IU
M04.SI,sgx,2018-07-23 00:00:00,Mandarin Oriental  - Directorate Change,M04
RW0U.SI,sgx,2018-07-30 10:14:00,BRIEF-Mapletree North Asia Commercial Trust Says Hong Kong Retail Leasing Activity Expected To Pick Up,RW0U
5OX.SI,sgx,2018-07-31 12:30:00,BRIEF-Mary Chia Holdings Posts FY Loss Attributable of S$5.8 Mln,5OX
5LY.SI,sgx,2018-07-30 04:04:00,"Singapore's offshore industry recovering, but no return to glory days",5LY
A78.SI,sgx,2018-07-30 12:17:00,BRIEF-LionGold Corp Announces Retirement Of Executive Chairman,A78
5IE.SI,sgx,2018-07-05 00:00:00,BRIEF-Lorenzo International Posts FY Loss Attributable Of S$11.2 Mln,5IE
A78.SI,sgx,2018-07-13 00:00:00,BRIEF-Liongold Corp Says Tan Soo Khoon Raymond To Loan Co S$3.5 Mln,A78
L03.SI,sgx,2018-07-26 12:16:00,BRIEF-Lian Beng Group Posts FY Profit To Shareholders Of S$54.4 Mln,L03
1B0.SI,sgx,2018-07-03 00:00:00,BRIEF-MM2 Asia Says Entered Into Joint Venture With SPH Invest,1B0
B2F.SI,sgx,2018-07-27 10:26:00,BRIEF-M1 Ltd Says Q2 Net Profit S$36.2 Million,B2F
1D3.SI,sgx,2018-07-13 00:00:00,BRIEF-Lifebrandz Says Kayoko Francis Appointed As Executive Director,1D3
L19.SI,sgx,2018-07-20 00:00:00,BRIEF-Lum Chang Holdings Says Unit To Subscribe For New Shares In Daehan Rehabilitation Services,L19
5OC.SI,sgx,2018-07-04 00:00:00,BRIEF-Koyo International Says Unit Awarded Contract Valued At S$5.2 Million By Housing & Development Board,5OC
BJL.SI,sgx,2018-07-09 00:00:00,BRIEF-LCT Holdings Appoints Luo Haiyan As CFO,BJL
1H8.SI,sgx,2018-07-16 00:00:00,BRIEF-LY Corporation Says Unit Enters Distribution Agreement With Hangzhou Feilue Network Technology Co,1H8
1D0.SI,sgx,2018-07-02 00:00:00,BRIEF-Kimly Announces To Buy Asian Story Corporation Pte From Wang Chia Ye,1D0
5HV.SI,sgx,2018-07-31 10:53:00,BRIEF-Koh Brothers Eco Engineering Says Qtrly Revenue S$66.2 Mln Vs S$49.8 Mln,5HV
5MZ.SI,sgx,2018-07-16 00:00:00,BRIEF-Kingsmen Creatives Says Invested Additional S$2 Mln In Its Unit,5MZ
5G2.SI,sgx,2018-07-30 04:04:00,"Singapore's offshore industry recovering, but no return to glory days",5G2
40B.SI,sgx,2018-07-20 00:00:00,BRIEF-SMJ International Holdings Requests For Trading Halt,40B
40B.SI,sgx,2018-07-23 00:00:00,BRIEF-SMJ International Says Unit To Subscribe For Shares In Libre Beijing,40B
K11.SI,sgx,2018-07-18 00:00:00,BRIEF-Keppel Telecommunications & Transportation Posts Net Profit Of S$26.0 Million For Q2,K11
BHK.SI,sgx,2018-07-17 00:00:00,BRIEF-SIIC Environment Holdings Says Will Appoint Xu Zhan As CFO,BHK
CMOU.SI,sgx,2018-07-17 00:00:00,BRIEF-Keppel-KBS US REIT Posts Q2 Gross Revenue Of US$22.6 Mln,CMOU
BHK.SI,sgx,2018-07-18 00:00:00,BRIEF-SIIC Environment Holdings To Subscribe For 23.2 Mln Shares In Longjiang Environmental Protection,BHK
S59.SI,sgx,2018-07-02 00:00:00,BRIEF-Sia Engineering Company And Stratasys Ltd Incorporate Additive Manufacturing JV Co,S59
S59.SI,sgx,2018-07-19 00:00:00,BRIEF-SIA Engineering Co Posts Qtrly Profit Attributable Of S$40.5 Mln,S59
S58.SI,sgx,2018-07-19 00:00:00,BRIEF-Sats Posts QTRLY Profit Attributable S$63.9 MLN,S58
T13.SI,sgx,2018-07-11 00:00:00,BRIEF-RH Petrogas Signs New 20-Year PSC For Both Basin And Island Contract Areas In Indonesia,T13
BDN.SI,sgx,2018-07-04 00:00:00,BRIEF-Ryobi Kiso Says Co And Unit Received Letters Of Demand For S$23.1 Mln From Certain Banks,BDN
E8Z.SI,sgx,2018-07-31 11:58:00,BRIEF-Roxy-Pacific Holdings Posts Qtrly Profit Attributable Of S$6.4 Mln,E8Z
5WH.SI,sgx,2018-07-16 00:00:00,BRIEF-Rex International Holding Announces Sale Of Stake In Steeldrum Oil,5WH
RF1U.SI,sgx,2018-07-09 00:00:00,BUZZ-India's Fortis Healthcare rises on report that IHH likely to seal Fortis deal,RF1U
BDN.SI,sgx,2018-07-10 00:00:00,BRIEF-Ryobi Kiso Updates On Letters Of Demand,BDN
S58.SI,sgx,2018-07-13 00:00:00,BRIEF-Wilmar International Announces Joint Venture Agreement With Sats Food Services Pte,S58
S58.SI,sgx,2018-07-19 00:00:00,BRIEF-SATS Ltd Updates On Memorandum Of Agreement With Turkish Airlines,S58
BDN.SI,sgx,2018-07-31 12:50:00,BRIEF-Ryobi Kiso Holdings Says Made Applications To Commence Court Supervised Reorganisation,BDN
AYD.SI,sgx,2018-07-17 00:00:00,BRIEF-Plastoform Holdings Appoints Long Ming Fai Edwin As Interim CEO,AYD
40S.SI,sgx,2018-07-27 02:25:00,BRIEF-Perennial Real Estate Announces Award Of Tender For JV,40S
C2PU.SI,sgx,2018-07-26 00:33:00,BRIEF-Parkway Life REIT Posts Q2 Net Property Income S$26.2 Mln,C2PU
1C5.SI,sgx,2018-07-05 00:00:00,BRIEF-Pacific Star Development Appoints Seet Li Ming Andrew As Executive Vice President,1C5
BLL.SI,sgx,2018-07-05 00:00:00,BRIEF-PSL Announces Proposed Acquisition Of 80 Pct Stake In Pt. Buana Perkasa Sukses,BLL
5WA.SI,sgx,2018-07-19 00:00:00,BRIEF-Oue Lippo Healthcare Expects To Report Net Loss For Q2,5WA
5WA.SI,sgx,2018-07-26 16:07:00,BRIEF-Oue Lippo Healthcare Says Crest Entities Filed Appeal Against Decision Of High Court,5WA
5WA.SI,sgx,2018-07-02 00:00:00,"BRIEF-Indonesia's Lippo, China Merchants & Changjiang National Shipping sign JV for China hospital",5WA
5CF.SI,sgx,2018-07-02 00:00:00,"BRIEF-OKP Holdings Says Unit Transferred 750,000 Shares In United Singapore Builders",5CF
5CF.SI,sgx,2018-07-09 00:00:00,BRIEF-OKP Holdings Says Unit And Land Transport Authority Mutually Terminates Contract,5CF
SK7.SI,sgx,2018-07-16 00:00:00,"BRIEF-Oue Hospitality Trust Appoints Chen, Yi-Chung Isaac As Acting CEO",SK7
SK7.SI,sgx,2018-07-27 10:52:00,BRIEF-OUE Hospitality Trust Posts Gross Revenue Of S$30.7 Million For Quarter,SK7
O32.SI,sgx,2018-07-19 00:00:00,BRIEF-Olam International Unit Prices $100 Mln Issuance Of 5-Year Fixed Rate Notes,O32
O32.SI,sgx,2018-07-20 00:00:00,BRIEF-Olam International Says Rachel Eng Yaag Ngee Ceases To Be Non-Executive Director,O32
O39.SI,sgx,2018-07-26 10:52:00,SE Asia Stocks-End higher; Philippines up for third straight session,O39
O39.SI,sgx,2018-07-03 00:00:00,BUZZ-Singapore's OCBC hits near 9-mth low; charts suggest further downside,O39
O39.SI,sgx,2018-07-16 00:00:00,OCBC's Bank of Singapore picks Luxembourg for Europe hub,O39
5UX.SI,sgx,2018-07-06 00:00:00,"Curb on enthusiasm: Singapore property measures hit developers, investors",5UX
5UX.SI,sgx,2018-07-22 00:00:00,BRIEF-Oxley Holdings Appoints Chan Yean Chun As CFO,5UX
5HC.SI,sgx,2018-07-26 11:15:00,BRIEF-Ntegrator International Group Expects Loss For 1HFY2018,5HC
CGP.SI,sgx,2018-07-06 00:00:00,"BRIEF-Noble Group Says Disposed Interest In Gas Natural Ganamex, S. De R.L. De C.V.",CGP
PA3.SI,sgx,2018-07-18 00:00:00,BRIEF-TA Corporation Announces Launch And Pricing Of Notes Due 2021,PA3
PA3.SI,sgx,2018-07-26 11:05:00,BRIEF-Ta Corporation Issues S$27 Million 6.00 Per Cent. Notes Due 2021,PA3
T82U.SI,sgx,2018-07-25 00:00:00,BRIEF-Suntec REIT Posts Qtrly Net Property Income S$60.7 Mln,T82U
T82U.SI,sgx,2018-07-09 00:00:00,BRIEF-Suntec Real Estate Investment Trust Unit Launched And Priced S$150 Mln Notes Due 2021,T82U
T82U.SI,sgx,2018-07-31 05:37:00,Moody's: New retail space poses greater threat to retail S-REITs than the growth of online retail in the next 12-18 months,T82U
5UO.SI,sgx,2018-07-20 00:00:00,BRIEF-Sysma Holdings Appoints Mohamed Saleem Mohamed Amanullah As Chief Financial Officer,5UO
5GD.SI,sgx,2018-07-09 00:00:00,BRIEF-Sunpower Group Says Unit To Acquire Two Units Of Hengtong Group,5GD
CGP.SI,sgx,2018-07-25 00:00:00,BRIEF-Noble Group Says Lawsuit Filed Against PT Pinang Coal Indonesia By PT Alhasanie,CGP
CGP.SI,sgx,2018-07-26 11:01:00,BRIEF-Noble Group Updates On US$1.18 Bln In Principal Amount Of 6.75% Us Dollar Fixed Rate Senior Notes Due 2020,CGP
MR7.SI,sgx,2018-07-17 00:00:00,BRIEF-Nordic Group Secures About S$13.0 Million Worth Of Contracts,MR7
CGP.SI,sgx,2018-07-16 00:00:00,BRIEF-Noble Group Says Unit Has Appointed A Liquidator,CGP
CGP.SI,sgx,2018-07-26 11:02:00,BRIEF-Noble Group Announces Dismissal Of Legal Claims Against Co And Unit,CGP
CGP.SI,sgx,2018-07-26 11:27:00,Noble Group forecasts second-quarter net loss,CGP
CGP.SI,sgx,2018-07-26 11:05:00,BRIEF-Noble Group Sees Q2 Total Net Loss In Range Of About US$115 Mln To US$140 Mln,CGP
P40U.SI,sgx,2018-07-27 12:59:00,BRIEF-Starhill Global Real Estate Investment Trust Posts Qtrly Net Property Income Of S$40 Mln,P40U
H07.SI,sgx,2018-07-27 10:58:00,BRIEF-Stamford Land Corporation Posts Qtrly Net Profit Attributable Of S$17 Million,H07
5MD.SI,sgx,2018-07-20 00:00:00,BRIEF-Soon Lian Holdings Says Expected To Report A Net Loss For HY2018,5MD
BQP.SI,sgx,2018-07-24 00:00:00,BRIEF-Southern Packaging Group Expects To Report Lower Net Profit For 1HFY2018,BQP
SV3U.SI,sgx,2018-07-16 00:00:00,BRIEF-Soilbuild Business Space REIT Posts Qtrly Net Property Income of S$16.2 Mln,SV3U
SV3U.SI,sgx,2018-07-18 00:00:00,BRIEF-Soilbuild Business Space REIT Says Dbs Trustee Ltd Enters Facility Agreement,SV3U
5HH.SI,sgx,2018-07-11 00:00:00,BRIEF-Sinjia Land Says Unit Been Served With Writ Of Summons By Powen Engineering Pte,5HH
C6L.SI,sgx,2018-07-11 00:00:00,"Indian airline Vistara places $3.1 bln order for Airbus, Boeing jets",C6L
C6L.SI,sgx,2018-07-11 00:00:00,"UPDATE 1-Indian airline Vistara places $3.1 bln order for Airbus, Boeing jets",C6L
C6L.SI,sgx,2018-07-11 00:00:00,BRIEF-Singapore Airlines Says It Will Launch Non-Stop Flights Between Singapore & Los Angeles Using Airbus Aircraft,C6L
C6L.SI,sgx,2018-07-26 11:18:00,BRIEF-Singapore Airlines Posts Qtrly Profit Attributable Of S$139.6 Mln,C6L
C6L.SI,sgx,2018-07-11 00:00:00,"BRIEF-India's Vistara To Order $3.1 Bln Worth Of Aircraft From Airbus, Boeing",C6L
C6L.SI,sgx,2018-07-26 11:27:00,Singapore Airlines Q1 profit falls 59 pct as oil price rise bites,C6L
C6L.SI,sgx,2018-07-26 12:12:00,"UPDATE 1-Singapore Airlines Q1 profit falls 59 pct as oil price rise, lower airfares bite",C6L
C6L.SI,sgx,2018-07-16 00:00:00,BRIEF-Singapore Airlines Posts June Passenger Load Factor Of 84.9 Pct,C6L
C6L.SI,sgx,2018-07-27 03:27:00,Singapore Airlines shares fall 5.5 pct after weaker airfares hit earnings,C6L
C6L.SI,sgx,2018-07-27 09:32:00,"Reuters Insider - Asia Insight: China to U.S - if you can do a deal with the EU, then why not with us?",C6L
C6L.SI,sgx,2018-07-30 06:13:00,BUZZ-Singapore Airlines hits near 10-mth low; chart suggests further fall,C6L
S68.SI,sgx,2018-07-05 00:00:00,BRIEF-Singapore Exchange Proposes To Recalibrate Financial & Capital Requirements Of Bank,S68
S68.SI,sgx,2018-07-06 00:00:00,BRIEF-Singapore Exchange Announces Market Statistics For June 2018,S68
S68.SI,sgx,2018-07-10 00:00:00,Moody's downgrades Mapletree Logistics Trust to Baa2; outlook stable,S68
S68.SI,sgx,2018-07-10 00:00:00,BRIEF-Singapore Exchange Rolls Out New FX Solution,S68
S68.SI,sgx,2018-07-19 00:00:00,BRIEF-SGX Proposes To Enhance Default Management Capabilities Of Derivatives & Securities Clearing Houses,S68
S68.SI,sgx,2018-07-23 00:00:00,"BRIEF-Singapore Exchange Announces Rule Changes For Listing Of Mineral, Oil and Gas Companies",S68
S68.SI,sgx,2018-07-25 00:00:00,BRIEF-Singapore Exchange Resumes Talks With India' NSE On Potential Collaboration In GIFT IFSC,S68
S68.SI,sgx,2018-07-25 00:00:00,ADVISORY-Alert on Singapore Exchange resuming talks with India's NSE wrongly coded to NSE SA,S68
S68.SI,sgx,2018-07-25 00:00:00,ADVISORY-Alert on Singapore Exchange resuming talks with India's NSE wrongly coded to NSE SA,S68
S68.SI,sgx,2018-07-27 10:58:00,Singapore's SGX posts biggest net profit in a decade,S68
S68.SI,sgx,2018-07-27 12:43:00,UPDATE 1-Singapore Exchange posts biggest annual profit in a decade,S68
S68.SI,sgx,2018-07-25 00:00:00,"NSE, SGX resume talks to collaborate at international finance hub in India",S68
S68.SI,sgx,2018-07-27 10:51:00,BRIEF-Singapore Exchange Posts Qtrly Net Profit After Tax Attributable Of S$83.673 Mln,S68
S68.SI,sgx,2018-07-27 10:55:00,BRIEF-Singapore Exchange Announces Change in Dividend Policy,S68
5OT.SI,sgx,2018-07-05 00:00:00,BRIEF-Singapore Medical Says Suit Commenced By Eastlife Private & Maxglobe Private Is Settled,5OT
T39.SI,sgx,2018-07-17 00:00:00,BUZZ-Singapore Press Holdings hits near 1-yr high; technicals suggest further upside,T39
T39.SI,sgx,2018-07-26 13:58:00,BRIEF-Singapore Press Holdings Clarifies On Media Speculation,T39
S19.SI,sgx,2018-07-27 11:03:00,BRIEF-Singapore Shipping Corporation Posts Qtrly Profit Attributable Of $2.8 Million,S19
T39.SI,sgx,2018-07-03 00:00:00,BRIEF-MM2 Asia Says Entered Into Joint Venture With SPH Invest,T39
S08.SI,sgx,2018-07-09 00:00:00,BRIEF-Singapore Post Says Appointed Richard Lai Tak Loi As Group Chief Financial Officer,S08
T39.SI,sgx,2018-07-11 00:00:00,BRIEF-Singapore Press Holdings Posts Qtrly Profit Attributable Of S$47.4 Million,T39
S63.SI,sgx,2018-07-09 00:00:00,BRIEF-Keppel Corporation Says Unit & Singapore Technologies Engineering Signed MoU,S63
S63.SI,sgx,2018-07-10 00:00:00,BRIEF-Singapore Technologies Engineering Signs MoU With JTC,S63
S63.SI,sgx,2018-07-16 00:00:00,BRIEF-Singapore Technologies Engineering Says Its Aerospace Sector Secured Contracts Worth S$510 Mln In Q2,S63
S63.SI,sgx,2018-07-20 00:00:00,BRIEF-Singapore Technologies Engineering Says Electronics Arm Secured S$764 Mln Contract Wins In Q2,S63
S63.SI,sgx,2018-07-13 00:00:00,BRIEF-Singapore Technologies Engineering Appoints Lim Chin Hu As Independent Non-Executive Director,S63
Z74.SI,sgx,2018-07-17 00:00:00,BRIEF-Singapore Telecommunications Says Amobee Wins Auction Process To Acquire Videology Assets,Z74
Z74.SI,sgx,2018-07-24 00:00:00,BRIEF-Singapore Telecommunications Announces Cessation Of Peter Ong Boon Kwee As Director,Z74
A26.SI,sgx,2018-07-05 00:00:00,UPDATE 1-Indonesian conglomerates-backed tech fund to be launched in 6 months - minister,A26
1F0.SI,sgx,2018-07-30 05:29:00,BRIEF-Shopper360 Says FY Profit Attributable 5.6 Million Rgt,1F0
OV8.SI,sgx,2018-07-30 12:15:00,BRIEF-Sheng Siong Group Posts Qtrly Net Profit S$17.1 Mln,OV8
S69.SI,sgx,2018-07-31 11:19:00,BRIEF-Serial System Gives Updates On Investigation By Taiwan Authorities,S69
5PL.SI,sgx,2018-07-31 14:19:00,BRIEF-SBI Offshore Says Expects To Report A Loss For HY2018,5PL
U96.SI,sgx,2018-07-02 00:00:00,BRIEF-Sembcorp Industries Unit To Invest In 77 Pct Stake In Vellocet Clean Energy,U96
U96.SI,sgx,2018-07-04 00:00:00,BUZZ-Singapore's Sembcorp Industries at over 1-1/2-yr low; chart suggests more downside,U96
U96.SI,sgx,2018-07-24 00:00:00,BRIEF-Sembcorp Industries Divests Wuxi Residential Property Unit For RMB 323 Mln,U96
S51.SI,sgx,2018-07-20 00:00:00,BRIEF-Sembcorp Marine Says Business Volume & Activity Expected To Remain Low For Immediate Quarters,S51
S51.SI,sgx,2018-07-06 00:00:00,BRIEF-Sembcorp Marine Revises Purchase Price For Acquisition Of Sevan Marine Intellectual Property Rights,S51
S51.SI,sgx,2018-07-20 00:00:00,BRIEF-Sembcorp Marine Posts Qtrly Loss of S$55.6 mln,S51
S51.SI,sgx,2018-07-20 00:00:00,Sembcorp Marine swings to Q2 loss as business volumes stay low,S51
S51.SI,sgx,2018-07-20 00:00:00,"UPDATE 1-Sembcorp Marine swings to Q2 loss, says outlook gloomy",S51
S51.SI,sgx,2018-07-30 04:04:00,"Singapore's offshore industry recovering, but no return to glory days",S51
S51.SI,sgx,2018-07-23 00:00:00,BUZZ-Singapore's Sembcorp Marine hits over 6-month low on Q2 net loss,S51
1C3.SI,sgx,2018-07-31 12:09:00,BRIEF-Samurai 2K Aerosol Says Soo Choon Siong Resigns As CFO,1C3
580.SI,sgx,2018-07-25 00:00:00,BRIEF-Santak Holdings Says Unit To Dispose Property For S$11.5 Mln,580
SK6U.SI,sgx,2018-07-10 00:00:00,BRIEF-SPH REIT Posts Q3 Net Property Income Of S$40.6 Mln,SK6U
SK6U.SI,sgx,2018-07-19 00:00:00,BRIEF-SPH REIT Says DBS Trustee Secured Term Loan Facility Of S$975 Million,SK6U
M1GU.SI,sgx,2018-07-27 10:53:00,BRIEF-Sabana Shariah Compliant Industrial Real Estate Investment Trust Says Tan Chiew Kian Ceases From Role Of CFO,M1GU
M1GU.SI,sgx,2018-07-25 00:00:00,BRIEF-Sabana Shariah Compliant Industrial Real Estate Investment Trust Posts Qtrly Gross Revenue Of S$20.1 Mln,M1GU
Z25.SI,sgx,2018-07-09 00:00:00,BRIEF-Yanlord Land Group Says Acquired Property For RMB2.94 Bln,Z25
1F1.SI,sgx,2018-07-31 11:59:00,BRIEF-Y Ventures Group Says Unit Launched US$50 Mln Initial Coin Offering Of Its AORA Coins,1F1
AXB.SI,sgx,2018-07-10 00:00:00,BRIEF-Yongnam Holdings Secures Four Contracts Worth S$23.0 MLN,AXB
BS6.SI,sgx,2018-07-06 00:00:00,"BUZZ-Singapore's Straits Times Index breaks support at 3,216 pts, sinks to 14-month low",BS6
1F1.SI,sgx,2018-07-31 12:00:00,BRIEF-Y Ventures Group Says Entered JV Agreement With Arke Blockchain Engineering,1F1
Z59.SI,sgx,2018-07-24 00:00:00,BRIEF-Yoma Strategic Holdings Posts Qtrly Loss Attributable Of S$15.9 Mln,Z59
1E6.SI,sgx,2018-07-31 11:45:00,BRIEF-World Class Global Expects Net Cash Inflow Of Up To About A$120 Mln For AVANT Project In 2H2018,1E6
1E6.SI,sgx,2018-07-10 00:00:00,BRIEF-World Class Global Recognises H1 Revenue Of A$156.8M From Settlements Of Avant And Australia 108,1E6
T8B.SI,sgx,2018-07-31 21:07:00,BRIEF-Viva Industrial Trust Says SGX-ST Has No Objection To Delist VIT,T8B
BIP.SI,sgx,2018-07-11 00:00:00,BRIEF-Vibrant Group Limited Seeks Trading Halt,BIP
MS7.SI,sgx,2018-07-25 00:00:00,BRIEF-Vard Holdings Says Shareholders Approve Delisting Of Co From Main Board Of Singapore Exchange,MS7
MS7.SI,sgx,2018-07-18 00:00:00,BRIEF-Vard Holdings Secures A Contract For Construction Of A Vessel,MS7
MS7.SI,sgx,2018-07-18 00:00:00,BRIEF-Vard Holdings Confirms Contract For Design & Construction Of 1 Luxury Expedition Cruise Vessel,MS7
MS7.SI,sgx,2018-07-23 00:00:00,BRIEF-Vard Holdings Says Unit Seaonics Secures Euro 23 Mln Contracts For Equipment Packages,MS7
MS7.SI,sgx,2018-07-24 00:00:00,BRIEF-Vard Says Contracts For Design And Construction Of Two Cruise Vessels For Viking Confirmed,MS7
MS7.SI,sgx,2018-07-03 00:00:00,BRIEF-Vard Holdings Says Secured Contract For Luxury Expedition Cruise Vessel For Hapag-lloyd Cruises,MS7
MS7.SI,sgx,2018-07-24 00:00:00,BRIEF-Vard Holdings Requests For Trading Halt,MS7
MS7.SI,sgx,2018-07-25 00:00:00,BRIEF-Fincantieri's Unit To Delist From Main Board Of Singapore Exchange Securities Trading Limited,MS7
F34.SI,sgx,2018-07-13 00:00:00,BRIEF-Wilmar International Announces Joint Venture Agreement With Sats Food Services Pte,F34
F34.SI,sgx,2018-07-03 00:00:00,BRIEF-Wilmar Says Martua Sitorus Resigns As Non-Independent Non-Executive Director,F34
F34.SI,sgx,2018-07-31 12:33:00,Singapore's Wilmar says loan facility upsized to $1.80 bln,F34
F34.SI,sgx,2018-07-25 00:00:00,BRIEF-Wilmar International Says Uniland Consulting (Shanghai) Co Placed Under Members' Voluntary Liquidation,F34
F34.SI,sgx,2018-07-31 10:22:00,BRIEF-Wilmar International Says Final Documentation For $1.8 Bln Syndicated Loan Facility Signed,F34
BMA.SI,sgx,2018-07-24 00:00:00,BRIEF-Weiye Holdings Says Delisting Resolution Was Duly Approved And Passed By Shareholders,BMA
F34.SI,sgx,2018-07-18 00:00:00,Palm oil from Indonesia's shrinking forests taints global brands - report,F34
M35.SI,sgx,2018-07-19 00:00:00,BRIEF-Wheelock And Co Unit Launches Voluntary Unconditional General Offer For All Shares Of Wheelock Properties (Singapore),M35
M35.SI,sgx,2018-07-16 00:00:00,BRIEF-Wheelock Properties (Singapore) Limited Requests For Trading Halt,M35
U06.SI,sgx,2018-07-27 10:41:00,BRIEF-United Industrial Corporation Says Qtrly Profit Attributable S$108.5 Mln VS S$73.9 Mln,U06
U13.SI,sgx,2018-07-18 00:00:00,BRIEF-United Overseas Insurance Posts Hy Profit Attributable Of S$11.4 Mln,U13
BFU.SI,sgx,2018-07-27 12:09:00,BRIEF-Tye Soon Says Expects A Decline In Performance Resulting In A Small Loss For HY,BFU
545.SI,sgx,2018-07-04 00:00:00,BRIEF-Vallianz Holdings Updates On Share Consolidation,545
545.SI,sgx,2018-07-16 00:00:00,BRIEF-Vallianz Holdings Proposes Consolidation Of Every 30 Existing Ordinary Shares Into One Consolidated Share,545
U14.SI,sgx,2018-07-16 00:00:00,BRIEF-UOL Group Announces Acquisition Of Property In Indonesia For US$56.3 Mln,U14
U11.SI,sgx,2018-07-17 00:00:00,Fitch Rates UOB's AUD600m Senior Unsecured Notes 'AA-',U11
U11.SI,sgx,2018-07-17 00:00:00,BRIEF-United Overseas Bank Says Sydney Branch Intends To Issue A$600 Mln Floating Rate Notes,U11
U11.SI,sgx,2018-07-26 10:52:00,SE Asia Stocks-End higher; Philippines up for third straight session,U11
A50.SI,sgx,2018-07-02 00:00:00,BRIEF-Thomson Medical Group Appoints Tan Zing Yuen As CFO,A50
Y92.SI,sgx,2018-07-02 00:00:00,BUZZ-Singapore-listed Thai Beverage sinks to 28-month low; charts indicate further downside,Y92
A50.SI,sgx,2018-07-27 10:36:00,"BRIEF-Thomson Medical Group Enters Deal With Ivi-Rma Global, S.L. Regarding Proposed Joint Venture",A50
T03.SI,sgx,2018-07-19 00:00:00,BRIEF-Tat Hong Holdings Says Co Will Be Delisted From Official List Of SGX-St On July 20,T03
Y92.SI,sgx,2018-07-23 00:00:00,Vietnam's largest brewer Sabeco sees 19 pct plunge in FY profit,Y92
Y92.SI,sgx,2018-07-23 00:00:00,BUZZ-Singapore-listed Thai Beverage could fall further - technicals,Y92
Y92.SI,sgx,2018-07-30 08:27:00,Vietnam's largest brewer Sabeco Q2 net profit slips,Y92
42T.SI,sgx,2018-07-24 00:00:00,BRIEF-Trendlines Group Announces Termination of Term Sheet and Joint Venture Agreement,42T
42T.SI,sgx,2018-07-10 00:00:00,BRIEF-Corrected-Trendlines Group Appointed Haim Brosh As CFO,42T
T24.SI,sgx,2018-07-25 00:00:00,BRIEF-Tuan Sing Holdings Posts Qtrly Net Profit Attributable Of S$3 Mln,T24
T24.SI,sgx,2018-07-02 00:00:00,BRIEF-Tuan Sing Announces Gul Technologies Singapore Share Transaction,T24
T24.SI,sgx,2018-07-31 11:39:00,BRIEF-Tuan Sing Holdings Says CFO Chong Chou Yuen Retires,T24
M1Z.SI,sgx,2018-07-31 11:30:00,BRIEF-Tee International Co Was Awarded S$65 Million Worth Of New Engineering Contracts From February To July 2018,M1Z
S9B.SI,sgx,2018-07-26 12:48:00,BRIEF-Tee Land Says It Won't Exercise Its Option For The Proposed Acquisition Of Land,S9B
F17.SI,sgx,2018-07-10 00:00:00,BRIEF-Guocoland Announces Enbloc Acquisition Of Casa Meyfort Condominium By Unit For S$319.88 Mln,F17
F17.SI,sgx,2018-07-06 00:00:00,BRIEF-Guocoland Ltd Says Lai Tak Loi Resigned As CFO,F17
AWS.SI,sgx,2018-07-03 00:00:00,BRIEF-Global Yellow Pages Updates On Proceedings By SAPL & SNZL,AWS
E5H.SI,sgx,2018-07-18 00:00:00,Palm oil from Indonesia's shrinking forests taints global brands - report,E5H
BLW.SI,sgx,2018-07-27 10:15:00,BRIEF-Global Palm Resources Holdings Sees Qtrly Net Profit After Tax Substantially Lower Than Prior Year,BLW
G20.SI,sgx,2018-07-04 00:00:00,BRIEF-GP Industries Announces Proposed Disposal Of Land And Buildings Located In PRC,G20
508.SI,sgx,2018-07-25 00:00:00,BRIEF-Fuji Offset Plates Manufacturing Says AME Integrated And Its Unit To Lend 50 Mln Rgt To Ipark,508
QS9.SI,sgx,2018-07-12 00:00:00,Global Invacom Group  - Launch of new Hangar Repeater Solution,QS9
RF7.SI,sgx,2018-07-09 00:00:00,BRIEF-Gaylin Holdings Announces Proposed Acquisition Of Entire Stake In Amos International,RF7
TQ5.SI,sgx,2018-07-12 00:00:00,BRIEF-Frasers Property Announces Acquisition Of Phu An Dien Real Estate JSC,TQ5
BUOU.SI,sgx,2018-07-03 00:00:00,BRIEF-Frasers Logistics & Industrial Trust To Divest Property To Trust Company (Australia),BUOU
ACV.SI,sgx,2018-07-26 12:03:00,BRIEF-Frasers Hospitality Trust Posts QTRLY Distribution Per Stapled Security 1.1226 Cents,ACV
F25U.SI,sgx,2018-07-27 10:16:00,BRIEF-Fortune Real Estate Investment Trust HY Net Property Income HK$748.6 Mln,F25U
ADN.SI,sgx,2018-07-27 00:15:00,BRIEF-First Sponsor Group Posts Q2 Profit Attributable Of S$12.1 Mln,ADN
BDU.SI,sgx,2018-07-30 23:55:00,BRIEF-Federal International Sees Q2 Net Loss,BDU
Q5T.SI,sgx,2018-07-31 01:20:00,BRIEF-Far East Hospitality Trust Says Qtrly Net Property Income S$25.7 Mln,Q5T
5FL.SI,sgx,2018-07-26 11:32:00,BRIEF-RHT Capital Says BT Investment To Make Mandatory Unconditional Cash Offer For CH Offshore,5FL
F03.SI,sgx,2018-07-20 00:00:00,BRIEF-Food Empire Says Caffe Bene Obtained Majority Of Creditors' Consent To Start Rehabilitation Scheme,F03
ND8U.SI,sgx,2018-07-25 00:00:00,BRIEF-Frasers Commercial Trust Posts Qtrly Net Property Income Of S$20.4 Mln,ND8U
ND8U.SI,sgx,2018-07-10 00:00:00,BRIEF-Frasers Commercial Trust Divests Property For S$216.8 MLN,ND8U
AW9U.SI,sgx,2018-07-17 00:00:00,BRIEF-First Real Estate Investment Trust Says Q2 Net Property Income Was S$28.5 Mln,AW9U
D8DU.SI,sgx,2018-07-05 00:00:00,BRIEF-First Ship Lease Trust Signs New Facilities To Refinance Current Existing Outstanding Syndicated Loan,D8DU
J69U.SI,sgx,2018-07-31 05:37:00,Moody's: New retail space poses greater threat to retail S-REITs than the growth of online retail in the next 12-18 months,J69U
J69U.SI,sgx,2018-07-24 00:00:00,BRIEF-Frasers Centrepoint Trust Posts Qtrly Net Property Income Of S$35 Mln,J69U
42Z.SI,sgx,2018-07-30 11:08:00,BRIEF-Eindec Corp Expects To Report A Net Loss For 1H2018,42Z
D6U.SI,sgx,2018-07-16 00:00:00,BRIEF-Dynamic Colours Appoints Tan Kuan Thim As Chief Financial Officer,D6U
5SO.SI,sgx,2018-07-11 00:00:00,BRIEF-Duty Free International Posts Q1 Profit Attributable Of 9 Mln RGT,5SO
5SO.SI,sgx,2018-07-09 00:00:00,BRIEF-Duty Free International Says To Subscribe For 2.8 Mln Shares Of Brand Connect Holding,5SO
J91U.SI,sgx,2018-07-31 21:07:00,BRIEF-Viva Industrial Trust Says SGX-ST Has No Objection To Delist VIT,J91U
F83.SI,sgx,2018-07-26 06:23:00,BRIEF-Prosafe extends standstill agreement with COSCO,F83
P8A.SI,sgx,2018-07-16 00:00:00,"BRIEF-Cordlife Group Says Co In Confidential, Non-Binding Talks About Structuring Of Possible Deals",P8A
P8A.SI,sgx,2018-07-13 00:00:00,BRIEF-Singapore Exchange Issues Query Regarding Trading Activity Of Cordlife Group,P8A
D05.SI,sgx,2018-07-26 10:52:00,SE Asia Stocks-End higher; Philippines up for third straight session,D05
D05.SI,sgx,2018-07-26 06:35:00,BUZZ-Singapore's DBS Group could advance further - technicals,D05
D05.SI,sgx,2018-07-17 00:00:00,"Hong Kong regulator, banks launch blockchain-based trade finance platform",D05
D05.SI,sgx,2018-07-13 00:00:00,BREAKINGVIEWS-Sovereign investors sound market alarm,D05
D05.SI,sgx,2018-07-10 00:00:00,UPDATE 1-Singapore's Temasek sees slower investments after record portfolio,D05
D01.SI,sgx,2018-07-31 10:26:00,Dairy Farm Intnl  - Total Voting Rights,D01
D01.SI,sgx,2018-07-26 10:29:00,BRIEF-Dairy Farm International Holdings Posts HY Profit Attributable Of US$225 Mln,D01
D01.SI,sgx,2018-07-26 10:06:00,Dairy Farm Intnl Jardine Matheson Hdg Jardine Strategic  - Half-year Report,D01
D01.SI,sgx,2018-07-25 00:00:00,Dairy Farm Intnl Jardine Matheson Hdg Jardine Strategic  - First Half of 2018 Results of PT Hero,D01
T4E.SI,sgx,2018-07-05 00:00:00,BRIEF-Compact Metal Industries Announces Resignation Of Heng Fook Chang As CFO,T4E
CH8.SI,sgx,2018-07-26 10:49:00,BRIEF-China Sunsine Chemical Sees Substantial Increase In Consol Net Profit For Quarter,CH8
C52.SI,sgx,2018-07-25 00:00:00,BRIEF-Comfortdelgro Corp Announces Deal To Buy Private Bus Chartering Assets For S$6.45 Million,C52
C52.SI,sgx,2018-07-20 00:00:00,BRIEF-Comfortdelgro Corporation Announces Incorporation Of Driving School JV In China,C52
C52.SI,sgx,2018-07-06 00:00:00,"BUZZ-Singapore's Straits Times Index breaks support at 3,216 pts, sinks to 14-month low",C52
C52.SI,sgx,2018-07-05 00:00:00,"UPDATE 2-Singapore proposes fines on Grab, Uber, says merger harms competition",C52
C29.SI,sgx,2018-07-20 00:00:00,BRIEF-Chip Eng Seng Corporation Says Unit To Buy 70 Pct Stake In  White Lodge Education Group Services Ltd,C29
C29.SI,sgx,2018-07-10 00:00:00,BRIEF-Chip Eng Seng Corp To Purchase Unit In Residential Project,C29
C29.SI,sgx,2018-07-02 00:00:00,BRIEF-Chip Eng Seng Corporation Says Unit Enters Into Contract To Buy Property In Australia,C29
C09.SI,sgx,2018-07-10 00:00:00,BRIEF-City Developments To Invest Hk$237.8 Mln In IPO Of E-House,C09
C09.SI,sgx,2018-07-06 00:00:00,"Curb on enthusiasm: Singapore property measures hit developers, investors",C09
D50.SI,sgx,2018-07-11 00:00:00,BRIEF-China Great Land Holdings Requests For Trading Halt,D50
C92.SI,sgx,2018-07-30 11:46:00,BRIEF-China Haida Ltd Group Expects To Report Net Loss For HY,C92
AZZ.SI,sgx,2018-07-27 10:51:00,BRIEF-China Gaoxian Fibre Fabric Holdings Updates On Project Huagang,AZZ
5NV.SI,sgx,2018-07-30 02:51:00,BRIEF-Chasen Updates On Specialist Relocation Project In China,5NV
5NV.SI,sgx,2018-07-11 00:00:00,BRIEF-Chasen Holdings Expects Higher Revenue & To Operate Profitably In Fy19,5NV
U9E.SI,sgx,2018-07-26 11:17:00,BRIEF-China Everbright Water Secures Shandong Ji'nan Sludge Treatment Project,U9E
U9E.SI,sgx,2018-07-24 00:00:00,BRIEF-China Everbright Water Receives Approval For Multiple Subsidies Totaling Rmb16.31 Mln In HY,U9E
U9E.SI,sgx,2018-07-20 00:00:00,BRIEF-China Everbright Water Announces Supplementary Agreement For Expansion Of Plants,U9E
K2LU.SI,sgx,2018-07-31 01:11:00,BRIEF-Cache Logistics Trust posts QTRLY Distribution Per Unit 1.419 Cents,K2LU
5TP.SI,sgx,2018-07-04 00:00:00,BRIEF-CNMC Goldmine Holdings Says Termination Of Performance Share Plan Approved,5TP
C38U.SI,sgx,2018-07-31 05:37:00,Moody's: New retail space poses greater threat to retail S-REITs than the growth of online retail in the next 12-18 months,C38U
C38U.SI,sgx,2018-07-19 00:00:00,BRIEF-Capitaland Mall Trust Posts Qtrly Net Property Income Of S$120.8 Mln,C38U
C13.SI,sgx,2018-07-26 11:32:00,BRIEF-RHT Capital Says BT Investment To Make Mandatory Unconditional Cash Offer For CH Offshore,C13
AU8U.SI,sgx,2018-07-26 23:45:00,BRIEF-Capitaland Retail China Trust Posts Q2 Net Property Income Of S$37.6 Mln,AU8U
AU8U.SI,sgx,2018-07-04 00:00:00,BRIEF-Capitaland Retail China Trust Issues Notes,AU8U
C61U.SI,sgx,2018-07-31 05:37:00,Moody's: New retail space poses greater threat to retail S-REITs than the growth of online retail in the next 12-18 months,C61U
C61U.SI,sgx,2018-07-19 00:00:00,BRIEF-Capitaland Commercial Trust Qtrly Net Property Income S$77.7 Mln,C61U
C06.SI,sgx,2018-07-27 14:56:00,BRIEF-CSC Holdings Ltd Expects A Net Loss For Q1,C06
C06.SI,sgx,2018-07-06 00:00:00,BRIEF-Csc Holdings Appoints Leong Horn Kee Non-Executive Independent Chairman,C06
C06.SI,sgx,2018-07-06 00:00:00,BRIEF-Csc Holdings Chairman Chee Teck Kwong Patrick Retires,C06
C31.SI,sgx,2018-07-31 05:37:00,Moody's: New retail space poses greater threat to retail S-REITs than the growth of online retail in the next 12-18 months,C31
C31.SI,sgx,2018-07-26 09:55:00,BRIEF-Capitaland Says Unit Enters Strategic Alliance With Cebu Landmasters Inc,C31
C31.SI,sgx,2018-07-20 00:00:00,BRIEF-Capitaland Ltd Increases Shareholding In Unit For VND129.44 Bln,C31
C31.SI,sgx,2018-07-12 00:00:00,BUZZ-Singapore's CapitaLand shows signs of reversal - technicals,C31
5EB.SI,sgx,2018-07-17 00:00:00,BRIEF-Safran Says Loong Air And Cfm Sign $500 Million Agreement For Leap-1A & Cfm56-5B Engines,5EB
CEE.SI,sgx,2018-07-25 00:00:00,BRIEF-Citic Envirotech Says Qtrly Profit Attributable S$43.3 Mln,CEE
CEE.SI,sgx,2018-07-23 00:00:00,BRIEF-Citic Envirotech Says Secured RMB134 Mln PPP Project In Guangdong Province,CEE
J85.SI,sgx,2018-07-27 00:26:00,BRIEF-Cdl Hospitality Trusts Qtrly Net Property Income S$33.6 Million,J85
BNE.SI,sgx,2018-07-11 00:00:00,BRIEF-Kencana Agri's Units Divest Interests In Pt Sawit Alam Permai For IDR3.16 Billion,BNE
EB7.SI,sgx,2018-07-27 13:28:00,BRIEF-KTL Global Clarifies On Articles In Straits Times And Business Times,EB7
EB7.SI,sgx,2018-07-25 00:00:00,BRIEF-KTL Global Updates On An Order Received From Commercial Affairs Department,EB7
5I1.SI,sgx,2018-07-25 00:00:00,BRIEF-KOP Says Epic Land To Dispose 6 Wholly-Owned Subsidiaries For S$130.1 Mln,5I1
K71U.SI,sgx,2018-07-30 12:24:00,BRIEF-Keppel Corporation Acquires 9.6 Million Units In Keppel REIT,K71U
K71U.SI,sgx,2018-07-16 00:00:00,BRIEF-Keppel REIT Announces H1 Distribution Per Unit Of 2.84 Cents,K71U
BN4.SI,sgx,2018-07-30 12:24:00,BRIEF-Keppel Corporation Acquires 9.6 Million Units In Keppel REIT,BN4
BN4.SI,sgx,2018-07-30 04:04:00,"Singapore's offshore industry recovering, but no return to glory days",BN4
BN4.SI,sgx,2018-07-26 10:17:00,BRIEF-Keppel Corp Says Keppel Capital Signed MoU With Mindchamps For Education Real Estate Fund,BN4
BN4.SI,sgx,2018-07-22 00:00:00,BRIEF-Keppel Corp Says Keppel Offshore & Marine Secures Contracts For About S$70 Mln,BN4
BN4.SI,sgx,2018-07-19 00:00:00,BRIEF-Keppel Corporation Says CBD Aether Exercised Option To Buy Shares Of HK Aether,BN4
BN4.SI,sgx,2018-07-19 00:00:00,"UPDATE 1-Singapore's Keppel Q2 profit up 44 pct on property, infrastructure divisions",BN4
BN4.SI,sgx,2018-07-19 00:00:00,"Singapore's Keppel Q2 profit up 44 pct on property, infrastructure divisions",BN4
BN4.SI,sgx,2018-07-19 00:00:00,"BRIEF-Keppel Corporation Posts Qtrly Revenue Of S$1,523 Mln",BN4
BN4.SI,sgx,2018-07-09 00:00:00,BRIEF-Keppel Corporation Says Unit & Singapore Technologies Engineering Signed MoU,BN4
BN4.SI,sgx,2018-07-03 00:00:00,BRIEF-Keppel Corporation Completes Divestment Of Stake In Unit,BN4
BN4.SI,sgx,2018-07-02 00:00:00,BRIEF-Keppel Corporation Ltd Sells Interest In Orbista Pte For $30 Mln,BN4
AJBU.SI,sgx,2018-07-17 00:00:00,BRIEF-Keppel DC REIT Posts Qtrly Net Property Income Of S$38.1 Million,AJBU
A7RU.SI,sgx,2018-07-17 00:00:00,BRIEF-Keppel Infrastructure Trust Posts Qtrly Loss Attributable Of S$4 Million,A7RU
UD2.SI,sgx,2018-07-30 12:43:00,BRIEF-Japfa Posts Qtrly Profit Attributable Of US$29.6 Mln,UD2
J17.SI,sgx,2018-07-10 00:00:00,BRIEF-Jackspeed Corporation Updates On Existing Loan Of S$10 Million To Prestige Cars Pte Ltd,J17
42R.SI,sgx,2018-07-17 00:00:00,BRIEF-Jumbo Group Unit Enters Franchise Agreement With Ho Sing Food Co In Taiwan,42R
42R.SI,sgx,2018-07-09 00:00:00,BRIEF-Jumbo Group Says Signed Franchise Agreement For Jumbo Seafood Restaurant,42R
I06.SI,sgx,2018-07-27 10:52:00,BRIEF-Intraco Says Tay Boon Zhuan Appointed CFO,I06
5JS.SI,sgx,2018-07-26 13:53:00,BRIEF-Indofood Agri Resources Posts Qtrly Loss Attributable Of IDR69 Bln,5JS
5JS.SI,sgx,2018-07-03 00:00:00,BRIEF-Indofood Agri Resources Announces Investment of New Sugar Asset in Brazil,5JS
C07.SI,sgx,2018-07-27 10:34:00,BRIEF-Jardine Cycle & Carriage Posts HY Profit Attributable  Of $174 MILLION,C07
C07.SI,sgx,2018-07-19 00:00:00,BRIEF-Jardine Cycle & Carriage Announces Purchase Of Shares In Truong Hai Auto Corporation,C07
5GI.SI,sgx,2018-07-26 18:17:00,Moody's Upgrades One and Affirms Three Classes of MSC 2005-IQ10,5GI
J36.SI,sgx,2018-07-31 10:11:00,Jardine Matheson Hdg  - Total Voting Rights,J36
J36.SI,sgx,2018-07-27 11:53:00,Jardine Cycle&Carrge Jardine Matheson Hdg  - Half-year Report,J36
J36.SI,sgx,2018-07-27 10:52:00,BRIEF-Jardine Matheson Holdings Posts H1 Profit Attributable Of $928 Mln,J36
J36.SI,sgx,2018-07-27 10:47:00,Jardine Strategic Jardine Matheson Hdg  - Half-year Report,J36
J36.SI,sgx,2018-07-27 10:41:00,Jardine Matheson Hdg Jardine Strategic  - Half-year Report,J36
J36.SI,sgx,2018-07-26 11:07:00,Jardine Strategic Jardine Matheson Hdg  - PT Astra International Tbk Half Year Report,J36
J36.SI,sgx,2018-07-26 10:06:00,Mandarin Oriental Jardine Strategic Jardine Matheson Hdg  - Half-year Report,J36
J36.SI,sgx,2018-07-26 10:06:00,Hongkong Land Hldgs Jardine Strategic Jardine Matheson Hdg  - Half-year Report,J36
J36.SI,sgx,2018-07-26 10:06:00,Dairy Farm Intnl Jardine Matheson Hdg Jardine Strategic  - Half-year Report,J36
J36.SI,sgx,2018-07-25 00:00:00,Dairy Farm Intnl Jardine Matheson Hdg Jardine Strategic  - First Half of 2018 Results of PT Hero,J36
J37.SI,sgx,2018-07-27 10:54:00,BRIEF-Jardine Strategic Holdings Says HY Profit Attributable $984 Mln,J37
J37.SI,sgx,2018-07-27 10:47:00,Jardine Strategic Jardine Matheson Hdg  - Half-year Report,J37
J37.SI,sgx,2018-07-27 10:41:00,Jardine Matheson Hdg Jardine Strategic  - Half-year Report,J37
J37.SI,sgx,2018-07-26 11:07:00,Jardine Strategic Jardine Matheson Hdg  - PT Astra International Tbk Half Year Report,J37
J37.SI,sgx,2018-07-26 10:06:00,Mandarin Oriental Jardine Strategic Jardine Matheson Hdg  - Half-year Report,J37
J37.SI,sgx,2018-07-26 10:06:00,Hongkong Land Hldgs Jardine Strategic Jardine Matheson Hdg  - Half-year Report,J37
J37.SI,sgx,2018-07-26 10:06:00,Dairy Farm Intnl Jardine Matheson Hdg Jardine Strategic  - Half-year Report,J37
J37.SI,sgx,2018-07-25 00:00:00,Dairy Farm Intnl Jardine Matheson Hdg Jardine Strategic  - First Half of 2018 Results of PT Hero,J37
I07.SI,sgx,2018-07-19 00:00:00,BRIEF-ISDN Holdings Subscribed For Additional Shares In Unit,I07
5I4.SI,sgx,2018-07-16 00:00:00,BRIEF-ICP Says Unit Entered Letter Of Intent For Proposed Disposal Of MHI MY 1 Pte Ltd,5I4
AZA.SI,sgx,2018-07-31 11:45:00,BRIEF-IPC Corporation Updates On Proposed Divestment Of Group's Assets In PRC,AZA
5TN.SI,sgx,2018-07-24 00:00:00,BRIEF-IEV Holdings Says Co Via Unit Signed Memorandum Of Agreement With Ext Co. Ltd Of Korea,5TN
600.SI,sgx,2018-07-27 10:35:00,BRIEF-Hyflux Updates on Reorganisation Process,600
600.SI,sgx,2018-07-17 00:00:00,BRIEF-Hyflux Ltd Says Unit Awarded Contract For A Desalination Water Processing System Package In Turkey,600
600.SI,sgx,2018-07-10 00:00:00,BRIEF-Hyflux Receives Letter Of Intent For Second Contract For Seawater Reverse Osmosis Desalination Package In Iran,600
600.SI,sgx,2018-07-06 00:00:00,BRIEF-Hyflux Ltd Updates On Reorganisation Process,600
Q0F.SI,sgx,2018-07-25 00:00:00,MEDIA-IHH may merge existing India hospital portfolio with Fortis Healthcare - Economic Times,Q0F
Q0F.SI,sgx,2018-07-16 00:00:00,BRIEF-IHH Seeks To Buy Fortis Shares At 170 Rupees Each In Open Offer,Q0F
Q0F.SI,sgx,2018-07-13 00:00:00,BRIEF-Fortis Healthcare Doesn't Think IHH Deal Will Change Co's  Management Structure - Exec,Q0F
Q0F.SI,sgx,2018-07-13 00:00:00,BRIEF-IHH Healthcare Says Will Hold Minimum Of 31.1 Pct & Maximum 57.1 Pct Interest In Fortis On Deal Completion,Q0F
Q0F.SI,sgx,2018-07-13 00:00:00,BRIEF-Fortis Healthcare Approves Offer Of IHH Healthcare For Equity Infusion Of Rs 40 Bln,Q0F
Q0F.SI,sgx,2018-07-13 00:00:00,UPDATE 1-India Fortis accepts $584 mln stake deal from Malaysia's IHH Healthcare,Q0F
Q0F.SI,sgx,2018-07-13 00:00:00,BRIEF-IHH Healthcare Says Unit To Subscribe To 235.3 Mln New Fortis Shares,Q0F
Q0F.SI,sgx,2018-07-13 00:00:00,India's Fortis accepts investment offer from IHH Healthcare,Q0F
Q0F.SI,sgx,2018-07-09 00:00:00,BUZZ-India's Fortis Healthcare rises on report that IHH likely to seal Fortis deal,Q0F
Q0F.SI,sgx,2018-07-09 00:00:00,MEDIA-IHH Healthcare likely to acquire control of India's Fortis with 47-54 bln rupee-bid - Mint,Q0F
Q0F.SI,sgx,2018-07-03 00:00:00,IHH Healthcare submits revised bid for Fortis Healthcare,Q0F
Q0F.SI,sgx,2018-07-03 00:00:00,BRIEF-IHH Healthcare Revises Existing Proposal For Fortis,Q0F
41B.SI,sgx,2018-07-03 00:00:00,BRIEF-Huationg Global Proposes A Dual Primary Listing Of Shares,41B
NS8U.SI,sgx,2018-07-23 00:00:00,BRIEF-Hutchison Port Holdings Trust Says Qtrly Profit Attributable HK$170.0 Mln,NS8U
5OR.SI,sgx,2018-07-30 11:45:00,BRIEF-Heatec Jietong Holdings Expects To Report Net Loss For H1,5OR
5OR.SI,sgx,2018-07-26 10:29:00,BRIEF-Heatec Jietong Says Yat Wan Thiam Appointed As CFO (Designate),5OR
H22.SI,sgx,2018-07-27 13:16:00,BRIEF-Hong Leong Asia Says HL-Sunway JV Been Awarded Tender For Lease Of Land,H22
H22.SI,sgx,2018-07-18 00:00:00,BRIEF-Hong Leong Asia Says Leong Kok Ho Resigns As Chief Financial Officer,H22
H78.SI,sgx,2018-07-26 10:14:00,BRIEF-Hongkong Land Holdings Announces Interim Dividend USÂ¢6.00 Per Share,H78
H78.SI,sgx,2018-07-26 10:06:00,Hongkong Land Hldgs Jardine Strategic Jardine Matheson Hdg  - Half-year Report,H78
DM0.SI,sgx,2018-07-24 00:00:00,BRIEF-Hanwell Holdings Announces Investment Of Property In Japan Through Unit,DM0
N01.SI,sgx,2018-07-16 00:00:00,BRIEF-Nera Telecommunications Secures S$11.7 Mln Worth Of New Contracts,N01
42D.SI,sgx,2018-07-27 11:08:00,BRIEF-Nauticawt Enters Term Sheet With Qyrin Petroleum Technology & Vectra Petroleum Ltd,42D
5IF.SI,sgx,2018-07-05 00:00:00,BRIEF-Natural Cool Holdings Announces Acquisition Of 51% Of Jad Solutions Pte. Ltd.,5IF
M03.SI,sgx,2018-07-31 12:06:00,BRIEF-Miyoshi Announces Increase of Investment in Core Power (Fujian) New Energy Automobile,M03
AWO.SI,sgx,2018-07-18 00:00:00,BRIEF-Mirach Energy Says Unit Acquires 70% Stake In RCL Kelstar,AWO
AWO.SI,sgx,2018-07-18 00:00:00,BRIEF-Mirach Energy Limited Requests Trading Halt,AWO
CNE.SI,sgx,2018-07-26 10:17:00,BRIEF-Keppel Corp Says Keppel Capital Signed MoU With Mindchamps For Education Real Estate Fund,CNE
5RF.SI,sgx,2018-07-13 00:00:00,BRIEF-Mercurius Capital Investment Entered Licensing Agreement With Clover Lifestyle,5RF
1H4.SI,sgx,2018-07-25 00:00:00,BRIEF-Memories Group Says Co To Buy SM Asset Holdings Pte,1H4
5DS.SI,sgx,2018-07-03 00:00:00,BRIEF-MegaChem Ltd Says Megachem (Thailand) Incorporated JV In Myanmar,5DS
5OX.SI,sgx,2018-07-31 12:30:00,BRIEF-Mary Chia Holdings Posts FY Loss Attributable of S$5.8 Mln,5OX
ME8U.SI,sgx,2018-07-24 00:00:00,BRIEF-Mapletree Industrial Trust Posts Qtrly Net Property Income Of S$69.5 Mln,ME8U
N2IU.SI,sgx,2018-07-26 12:12:00,BRIEF-Mapletree Commercial Trust Says Qtrly Net Property Income S$85.9 Million,N2IU
DU4.SI,sgx,2018-07-18 00:00:00,BRIEF-Mermaid Maritime Pcl Says Middle East Business Unit Been Awarded A Subsea Services Contract,DU4
M11.SI,sgx,2018-07-27 12:08:00,BRIEF-Manufacturing Integration Technology Says Expects To Incur A Net Loss For HY,M11
M11.SI,sgx,2018-07-18 00:00:00,BRIEF-Manufacturing Integration Technology To Sell Entire Stake MIT Semiconductor Pte,M11
L02.SI,sgx,2018-07-06 00:00:00,BRIEF-Manhattan Resources Updates On Judgment On Claims Against Manhattan Resources (Ningbo) Property Limited,L02
M05.SI,sgx,2018-07-26 10:27:00,BRIEF-MTQ Corp Says Qtrly Revenue S$24.3 Mln Vs S$30.5 Mln,M05
M44U.SI,sgx,2018-07-23 00:00:00,BRIEF-Mapletree Logistics Trust Posts QTRLY Net Property Income S$89.8 MLN,M44U
M44U.SI,sgx,2018-07-10 00:00:00,Moody's downgrades Mapletree Logistics Trust to Baa2; outlook stable,M44U
M44U.SI,sgx,2018-07-04 00:00:00,BRIEF-Mapletree Logistics Trust Announces Deals To Buy 5 Logistics Properties In Singapore,M44U
RW0U.SI,sgx,2018-07-30 10:14:00,BRIEF-Mapletree North Asia Commercial Trust Says Hong Kong Retail Leasing Activity Expected To Pick Up,RW0U
RW0U.SI,sgx,2018-07-30 10:13:00,BRIEF-Mapletree North Asia Commercial Trust Posts Qtrly Net Property Income Of S$76.8 Mln,RW0U
5LY.SI,sgx,2018-07-30 04:04:00,"Singapore's offshore industry recovering, but no return to glory days",5LY
41S.SI,sgx,2018-07-05 00:00:00,BRIEF-Magnus Energy Group Announces Subscription Of 2.53 Billion Ordinary Shares In Magnus Energy Group,41S
M04.SI,sgx,2018-07-26 11:23:00,BRIEF-Mandarin Oriental International Posts Hy Underlying Profit Of $22.3 Mln,M04
M04.SI,sgx,2018-07-26 10:06:00,Mandarin Oriental Jardine Strategic Jardine Matheson Hdg  - Half-year Report,M04
M04.SI,sgx,2018-07-23 00:00:00,BRIEF-Mandarin Oriental International Says Craig Beattie To Succeed Stuart Dickie As CFO,M04
M04.SI,sgx,2018-07-23 00:00:00,Mandarin Oriental  - Directorate Change,M04
L19.SI,sgx,2018-07-20 00:00:00,BRIEF-Lum Chang Holdings Says Unit To Subscribe For New Shares In Daehan Rehabilitation Services,L19
1B0.SI,sgx,2018-07-03 00:00:00,BRIEF-MM2 Asia Says Entered Into Joint Venture With SPH Invest,1B0
B2F.SI,sgx,2018-07-27 10:26:00,BRIEF-M1 Ltd Says Q2 Net Profit S$36.2 Million,B2F
5IE.SI,sgx,2018-07-05 00:00:00,BRIEF-Lorenzo International Posts FY Loss Attributable Of S$11.2 Mln,5IE
A78.SI,sgx,2018-07-30 12:17:00,BRIEF-LionGold Corp Announces Retirement Of Executive Chairman,A78
A78.SI,sgx,2018-07-13 00:00:00,BRIEF-Liongold Corp Says Tan Soo Khoon Raymond To Loan Co S$3.5 Mln,A78
1H8.SI,sgx,2018-07-16 00:00:00,BRIEF-LY Corporation Says Unit Enters Distribution Agreement With Hangzhou Feilue Network Technology Co,1H8
1D3.SI,sgx,2018-07-13 00:00:00,BRIEF-Lifebrandz Says Kayoko Francis Appointed As Executive Director,1D3
L03.SI,sgx,2018-07-26 12:16:00,BRIEF-Lian Beng Group Posts FY Profit To Shareholders Of S$54.4 Mln,L03
BJL.SI,sgx,2018-07-09 00:00:00,BRIEF-LCT Holdings Appoints Luo Haiyan As CFO,BJL
5OC.SI,sgx,2018-07-04 00:00:00,BRIEF-Koyo International Says Unit Awarded Contract Valued At S$5.2 Million By Housing & Development Board,5OC
5HV.SI,sgx,2018-07-31 10:53:00,BRIEF-Koh Brothers Eco Engineering Says Qtrly Revenue S$66.2 Mln Vs S$49.8 Mln,5HV
5MZ.SI,sgx,2018-07-16 00:00:00,BRIEF-Kingsmen Creatives Says Invested Additional S$2 Mln In Its Unit,5MZ
1D0.SI,sgx,2018-07-02 00:00:00,BRIEF-Kimly Announces To Buy Asian Story Corporation Pte From Wang Chia Ye,1D0
5G2.SI,sgx,2018-07-30 04:04:00,"Singapore's offshore industry recovering, but no return to glory days",5G2
CMOU.SI,sgx,2018-07-17 00:00:00,BRIEF-Keppel-KBS US REIT Posts Q2 Gross Revenue Of US$22.6 Mln,CMOU
40B.SI,sgx,2018-07-23 00:00:00,BRIEF-SMJ International Says Unit To Subscribe For Shares In Libre Beijing,40B
40B.SI,sgx,2018-07-20 00:00:00,BRIEF-SMJ International Holdings Requests For Trading Halt,40B
BDN.SI,sgx,2018-07-31 12:50:00,BRIEF-Ryobi Kiso Holdings Says Made Applications To Commence Court Supervised Reorganisation,BDN
BDN.SI,sgx,2018-07-10 00:00:00,BRIEF-Ryobi Kiso Updates On Letters Of Demand,BDN
BDN.SI,sgx,2018-07-04 00:00:00,BRIEF-Ryobi Kiso Says Co And Unit Received Letters Of Demand For S$23.1 Mln From Certain Banks,BDN
K11.SI,sgx,2018-07-18 00:00:00,BRIEF-Keppel Telecommunications & Transportation Posts Net Profit Of S$26.0 Million For Q2,K11
T13.SI,sgx,2018-07-11 00:00:00,BRIEF-RH Petrogas Signs New 20-Year PSC For Both Basin And Island Contract Areas In Indonesia,T13
BHK.SI,sgx,2018-07-18 00:00:00,BRIEF-SIIC Environment Holdings To Subscribe For 23.2 Mln Shares In Longjiang Environmental Protection,BHK
BHK.SI,sgx,2018-07-17 00:00:00,BRIEF-SIIC Environment Holdings Says Will Appoint Xu Zhan As CFO,BHK
S58.SI,sgx,2018-07-19 00:00:00,BRIEF-SATS Ltd Updates On Memorandum Of Agreement With Turkish Airlines,S58
S58.SI,sgx,2018-07-19 00:00:00,BRIEF-Sats Posts QTRLY Profit Attributable S$63.9 MLN,S58
S58.SI,sgx,2018-07-13 00:00:00,BRIEF-Wilmar International Announces Joint Venture Agreement With Sats Food Services Pte,S58
E8Z.SI,sgx,2018-07-31 11:58:00,BRIEF-Roxy-Pacific Holdings Posts Qtrly Profit Attributable Of S$6.4 Mln,E8Z
S59.SI,sgx,2018-07-19 00:00:00,BRIEF-SIA Engineering Co Posts Qtrly Profit Attributable Of S$40.5 Mln,S59
S59.SI,sgx,2018-07-02 00:00:00,BRIEF-Sia Engineering Company And Stratasys Ltd Incorporate Additive Manufacturing JV Co,S59
5WH.SI,sgx,2018-07-16 00:00:00,BRIEF-Rex International Holding Announces Sale Of Stake In Steeldrum Oil,5WH
RF1U.SI,sgx,2018-07-09 00:00:00,BUZZ-India's Fortis Healthcare rises on report that IHH likely to seal Fortis deal,RF1U
AYD.SI,sgx,2018-07-17 00:00:00,BRIEF-Plastoform Holdings Appoints Long Ming Fai Edwin As Interim CEO,AYD
C2PU.SI,sgx,2018-07-26 00:33:00,BRIEF-Parkway Life REIT Posts Q2 Net Property Income S$26.2 Mln,C2PU
1C5.SI,sgx,2018-07-05 00:00:00,BRIEF-Pacific Star Development Appoints Seet Li Ming Andrew As Executive Vice President,1C5
40S.SI,sgx,2018-07-27 02:25:00,BRIEF-Perennial Real Estate Announces Award Of Tender For JV,40S
5WA.SI,sgx,2018-07-26 16:07:00,BRIEF-Oue Lippo Healthcare Says Crest Entities Filed Appeal Against Decision Of High Court,5WA
5WA.SI,sgx,2018-07-19 00:00:00,BRIEF-Oue Lippo Healthcare Expects To Report Net Loss For Q2,5WA
5WA.SI,sgx,2018-07-02 00:00:00,"BRIEF-Indonesia's Lippo, China Merchants & Changjiang National Shipping sign JV for China hospital",5WA
BLL.SI,sgx,2018-07-05 00:00:00,BRIEF-PSL Announces Proposed Acquisition Of 80 Pct Stake In Pt. Buana Perkasa Sukses,BLL
SK7.SI,sgx,2018-07-27 10:52:00,BRIEF-OUE Hospitality Trust Posts Gross Revenue Of S$30.7 Million For Quarter,SK7
SK7.SI,sgx,2018-07-16 00:00:00,"BRIEF-Oue Hospitality Trust Appoints Chen, Yi-Chung Isaac As Acting CEO",SK7
O39.SI,sgx,2018-07-26 10:52:00,SE Asia Stocks-End higher; Philippines up for third straight session,O39
O39.SI,sgx,2018-07-16 00:00:00,OCBC's Bank of Singapore picks Luxembourg for Europe hub,O39
O39.SI,sgx,2018-07-03 00:00:00,BUZZ-Singapore's OCBC hits near 9-mth low; charts suggest further downside,O39
5CF.SI,sgx,2018-07-09 00:00:00,BRIEF-OKP Holdings Says Unit And Land Transport Authority Mutually Terminates Contract,5CF
5CF.SI,sgx,2018-07-02 00:00:00,"BRIEF-OKP Holdings Says Unit Transferred 750,000 Shares In United Singapore Builders",5CF
5UX.SI,sgx,2018-07-22 00:00:00,BRIEF-Oxley Holdings Appoints Chan Yean Chun As CFO,5UX
5UX.SI,sgx,2018-07-06 00:00:00,"Curb on enthusiasm: Singapore property measures hit developers, investors",5UX
O32.SI,sgx,2018-07-20 00:00:00,BRIEF-Olam International Says Rachel Eng Yaag Ngee Ceases To Be Non-Executive Director,O32
O32.SI,sgx,2018-07-19 00:00:00,BRIEF-Olam International Unit Prices $100 Mln Issuance Of 5-Year Fixed Rate Notes,O32
5HC.SI,sgx,2018-07-26 11:15:00,BRIEF-Ntegrator International Group Expects Loss For 1HFY2018,5HC
PA3.SI,sgx,2018-07-26 11:05:00,BRIEF-Ta Corporation Issues S$27 Million 6.00 Per Cent. Notes Due 2021,PA3
PA3.SI,sgx,2018-07-18 00:00:00,BRIEF-TA Corporation Announces Launch And Pricing Of Notes Due 2021,PA3
5UO.SI,sgx,2018-07-20 00:00:00,BRIEF-Sysma Holdings Appoints Mohamed Saleem Mohamed Amanullah As Chief Financial Officer,5UO
MR7.SI,sgx,2018-07-17 00:00:00,BRIEF-Nordic Group Secures About S$13.0 Million Worth Of Contracts,MR7
T82U.SI,sgx,2018-07-31 05:37:00,Moody's: New retail space poses greater threat to retail S-REITs than the growth of online retail in the next 12-18 months,T82U
T82U.SI,sgx,2018-07-25 00:00:00,BRIEF-Suntec REIT Posts Qtrly Net Property Income S$60.7 Mln,T82U
T82U.SI,sgx,2018-07-09 00:00:00,BRIEF-Suntec Real Estate Investment Trust Unit Launched And Priced S$150 Mln Notes Due 2021,T82U
CGP.SI,sgx,2018-07-26 11:27:00,Noble Group forecasts second-quarter net loss,CGP
CGP.SI,sgx,2018-07-26 11:05:00,BRIEF-Noble Group Sees Q2 Total Net Loss In Range Of About US$115 Mln To US$140 Mln,CGP
CGP.SI,sgx,2018-07-26 11:02:00,BRIEF-Noble Group Announces Dismissal Of Legal Claims Against Co And Unit,CGP
CGP.SI,sgx,2018-07-26 11:01:00,BRIEF-Noble Group Updates On US$1.18 Bln In Principal Amount Of 6.75% Us Dollar Fixed Rate Senior Notes Due 2020,CGP
CGP.SI,sgx,2018-07-25 00:00:00,BRIEF-Noble Group Says Lawsuit Filed Against PT Pinang Coal Indonesia By PT Alhasanie,CGP
CGP.SI,sgx,2018-07-16 00:00:00,BRIEF-Noble Group Says Unit Has Appointed A Liquidator,CGP
CGP.SI,sgx,2018-07-06 00:00:00,"BRIEF-Noble Group Says Disposed Interest In Gas Natural Ganamex, S. De R.L. De C.V.",CGP
P40U.SI,sgx,2018-07-27 12:59:00,BRIEF-Starhill Global Real Estate Investment Trust Posts Qtrly Net Property Income Of S$40 Mln,P40U
H07.SI,sgx,2018-07-27 10:58:00,BRIEF-Stamford Land Corporation Posts Qtrly Net Profit Attributable Of S$17 Million,H07
BQP.SI,sgx,2018-07-24 00:00:00,BRIEF-Southern Packaging Group Expects To Report Lower Net Profit For 1HFY2018,BQP
5MD.SI,sgx,2018-07-20 00:00:00,BRIEF-Soon Lian Holdings Says Expected To Report A Net Loss For HY2018,5MD
SV3U.SI,sgx,2018-07-18 00:00:00,BRIEF-Soilbuild Business Space REIT Says Dbs Trustee Ltd Enters Facility Agreement,SV3U
SV3U.SI,sgx,2018-07-16 00:00:00,BRIEF-Soilbuild Business Space REIT Posts Qtrly Net Property Income of S$16.2 Mln,SV3U
5GD.SI,sgx,2018-07-09 00:00:00,BRIEF-Sunpower Group Says Unit To Acquire Two Units Of Hengtong Group,5GD
5HH.SI,sgx,2018-07-11 00:00:00,BRIEF-Sinjia Land Says Unit Been Served With Writ Of Summons By Powen Engineering Pte,5HH
S19.SI,sgx,2018-07-27 11:03:00,BRIEF-Singapore Shipping Corporation Posts Qtrly Profit Attributable Of $2.8 Million,S19
C6L.SI,sgx,2018-07-30 06:13:00,BUZZ-Singapore Airlines hits near 10-mth low; chart suggests further fall,C6L
C6L.SI,sgx,2018-07-27 09:32:00,"Reuters Insider - Asia Insight: China to U.S - if you can do a deal with the EU, then why not with us?",C6L
C6L.SI,sgx,2018-07-27 03:27:00,Singapore Airlines shares fall 5.5 pct after weaker airfares hit earnings,C6L
C6L.SI,sgx,2018-07-26 12:12:00,"UPDATE 1-Singapore Airlines Q1 profit falls 59 pct as oil price rise, lower airfares bite",C6L
C6L.SI,sgx,2018-07-26 11:27:00,Singapore Airlines Q1 profit falls 59 pct as oil price rise bites,C6L
C6L.SI,sgx,2018-07-26 11:18:00,BRIEF-Singapore Airlines Posts Qtrly Profit Attributable Of S$139.6 Mln,C6L
C6L.SI,sgx,2018-07-16 00:00:00,BRIEF-Singapore Airlines Posts June Passenger Load Factor Of 84.9 Pct,C6L
C6L.SI,sgx,2018-07-11 00:00:00,BRIEF-Singapore Airlines Says It Will Launch Non-Stop Flights Between Singapore & Los Angeles Using Airbus Aircraft,C6L
C6L.SI,sgx,2018-07-11 00:00:00,"UPDATE 1-Indian airline Vistara places $3.1 bln order for Airbus, Boeing jets",C6L
C6L.SI,sgx,2018-07-11 00:00:00,"Indian airline Vistara places $3.1 bln order for Airbus, Boeing jets",C6L
C6L.SI,sgx,2018-07-11 00:00:00,"BRIEF-India's Vistara To Order $3.1 Bln Worth Of Aircraft From Airbus, Boeing",C6L
S68.SI,sgx,2018-07-27 12:43:00,UPDATE 1-Singapore Exchange posts biggest annual profit in a decade,S68
S68.SI,sgx,2018-07-27 10:58:00,Singapore's SGX posts biggest net profit in a decade,S68
S68.SI,sgx,2018-07-27 10:55:00,BRIEF-Singapore Exchange Announces Change in Dividend Policy,S68
S68.SI,sgx,2018-07-27 10:51:00,BRIEF-Singapore Exchange Posts Qtrly Net Profit After Tax Attributable Of S$83.673 Mln,S68
S68.SI,sgx,2018-07-25 00:00:00,"NSE, SGX resume talks to collaborate at international finance hub in India",S68
S68.SI,sgx,2018-07-25 00:00:00,ADVISORY-Alert on Singapore Exchange resuming talks with India's NSE wrongly coded to NSE SA,S68
S68.SI,sgx,2018-07-25 00:00:00,ADVISORY-Alert on Singapore Exchange resuming talks with India's NSE wrongly coded to NSE SA,S68
S68.SI,sgx,2018-07-25 00:00:00,BRIEF-Singapore Exchange Resumes Talks With India' NSE On Potential Collaboration In GIFT IFSC,S68
S68.SI,sgx,2018-07-23 00:00:00,"BRIEF-Singapore Exchange Announces Rule Changes For Listing Of Mineral, Oil and Gas Companies",S68
S68.SI,sgx,2018-07-19 00:00:00,BRIEF-SGX Proposes To Enhance Default Management Capabilities Of Derivatives & Securities Clearing Houses,S68
S68.SI,sgx,2018-07-10 00:00:00,BRIEF-Singapore Exchange Rolls Out New FX Solution,S68
S68.SI,sgx,2018-07-10 00:00:00,Moody's downgrades Mapletree Logistics Trust to Baa2; outlook stable,S68
S68.SI,sgx,2018-07-06 00:00:00,BRIEF-Singapore Exchange Announces Market Statistics For June 2018,S68
S68.SI,sgx,2018-07-05 00:00:00,BRIEF-Singapore Exchange Proposes To Recalibrate Financial & Capital Requirements Of Bank,S68
5OT.SI,sgx,2018-07-05 00:00:00,BRIEF-Singapore Medical Says Suit Commenced By Eastlife Private & Maxglobe Private Is Settled,5OT
T39.SI,sgx,2018-07-26 13:58:00,BRIEF-Singapore Press Holdings Clarifies On Media Speculation,T39
T39.SI,sgx,2018-07-17 00:00:00,BUZZ-Singapore Press Holdings hits near 1-yr high; technicals suggest further upside,T39
T39.SI,sgx,2018-07-11 00:00:00,BRIEF-Singapore Press Holdings Posts Qtrly Profit Attributable Of S$47.4 Million,T39
T39.SI,sgx,2018-07-03 00:00:00,BRIEF-MM2 Asia Says Entered Into Joint Venture With SPH Invest,T39
S08.SI,sgx,2018-07-09 00:00:00,BRIEF-Singapore Post Says Appointed Richard Lai Tak Loi As Group Chief Financial Officer,S08
S63.SI,sgx,2018-07-20 00:00:00,BRIEF-Singapore Technologies Engineering Says Electronics Arm Secured S$764 Mln Contract Wins In Q2,S63
S63.SI,sgx,2018-07-16 00:00:00,BRIEF-Singapore Technologies Engineering Says Its Aerospace Sector Secured Contracts Worth S$510 Mln In Q2,S63
S63.SI,sgx,2018-07-13 00:00:00,BRIEF-Singapore Technologies Engineering Appoints Lim Chin Hu As Independent Non-Executive Director,S63
S63.SI,sgx,2018-07-10 00:00:00,BRIEF-Singapore Technologies Engineering Signs MoU With JTC,S63
S63.SI,sgx,2018-07-09 00:00:00,BRIEF-Keppel Corporation Says Unit & Singapore Technologies Engineering Signed MoU,S63
Z74.SI,sgx,2018-07-24 00:00:00,BRIEF-Singapore Telecommunications Announces Cessation Of Peter Ong Boon Kwee As Director,Z74
Z74.SI,sgx,2018-07-17 00:00:00,BRIEF-Singapore Telecommunications Says Amobee Wins Auction Process To Acquire Videology Assets,Z74
1F0.SI,sgx,2018-07-30 05:29:00,BRIEF-Shopper360 Says FY Profit Attributable 5.6 Million Rgt,1F0
A26.SI,sgx,2018-07-05 00:00:00,UPDATE 1-Indonesian conglomerates-backed tech fund to be launched in 6 months - minister,A26
OV8.SI,sgx,2018-07-30 12:15:00,BRIEF-Sheng Siong Group Posts Qtrly Net Profit S$17.1 Mln,OV8
S69.SI,sgx,2018-07-31 11:19:00,BRIEF-Serial System Gives Updates On Investigation By Taiwan Authorities,S69
5PL.SI,sgx,2018-07-31 14:19:00,BRIEF-SBI Offshore Says Expects To Report A Loss For HY2018,5PL
580.SI,sgx,2018-07-25 00:00:00,BRIEF-Santak Holdings Says Unit To Dispose Property For S$11.5 Mln,580
1C3.SI,sgx,2018-07-31 12:09:00,BRIEF-Samurai 2K Aerosol Says Soo Choon Siong Resigns As CFO,1C3
U96.SI,sgx,2018-07-24 00:00:00,BRIEF-Sembcorp Industries Divests Wuxi Residential Property Unit For RMB 323 Mln,U96
U96.SI,sgx,2018-07-04 00:00:00,BUZZ-Singapore's Sembcorp Industries at over 1-1/2-yr low; chart suggests more downside,U96
U96.SI,sgx,2018-07-02 00:00:00,BRIEF-Sembcorp Industries Unit To Invest In 77 Pct Stake In Vellocet Clean Energy,U96
S51.SI,sgx,2018-07-30 04:04:00,"Singapore's offshore industry recovering, but no return to glory days",S51
S51.SI,sgx,2018-07-23 00:00:00,BUZZ-Singapore's Sembcorp Marine hits over 6-month low on Q2 net loss,S51
S51.SI,sgx,2018-07-20 00:00:00,"UPDATE 1-Sembcorp Marine swings to Q2 loss, says outlook gloomy",S51
S51.SI,sgx,2018-07-20 00:00:00,Sembcorp Marine swings to Q2 loss as business volumes stay low,S51
S51.SI,sgx,2018-07-20 00:00:00,BRIEF-Sembcorp Marine Says Business Volume & Activity Expected To Remain Low For Immediate Quarters,S51
S51.SI,sgx,2018-07-20 00:00:00,BRIEF-Sembcorp Marine Posts Qtrly Loss of S$55.6 mln,S51
S51.SI,sgx,2018-07-06 00:00:00,BRIEF-Sembcorp Marine Revises Purchase Price For Acquisition Of Sevan Marine Intellectual Property Rights,S51
SK6U.SI,sgx,2018-07-19 00:00:00,BRIEF-SPH REIT Says DBS Trustee Secured Term Loan Facility Of S$975 Million,SK6U
SK6U.SI,sgx,2018-07-10 00:00:00,BRIEF-SPH REIT Posts Q3 Net Property Income Of S$40.6 Mln,SK6U
M1GU.SI,sgx,2018-07-27 10:53:00,BRIEF-Sabana Shariah Compliant Industrial Real Estate Investment Trust Says Tan Chiew Kian Ceases From Role Of CFO,M1GU
M1GU.SI,sgx,2018-07-25 00:00:00,BRIEF-Sabana Shariah Compliant Industrial Real Estate Investment Trust Posts Qtrly Gross Revenue Of S$20.1 Mln,M1GU
AXB.SI,sgx,2018-07-10 00:00:00,BRIEF-Yongnam Holdings Secures Four Contracts Worth S$23.0 MLN,AXB
1F1.SI,sgx,2018-07-31 12:00:00,BRIEF-Y Ventures Group Says Entered JV Agreement With Arke Blockchain Engineering,1F1
1F1.SI,sgx,2018-07-31 11:59:00,BRIEF-Y Ventures Group Says Unit Launched US$50 Mln Initial Coin Offering Of Its AORA Coins,1F1
1E6.SI,sgx,2018-07-31 11:45:00,BRIEF-World Class Global Expects Net Cash Inflow Of Up To About A$120 Mln For AVANT Project In 2H2018,1E6
1E6.SI,sgx,2018-07-10 00:00:00,BRIEF-World Class Global Recognises H1 Revenue Of A$156.8M From Settlements Of Avant And Australia 108,1E6
M35.SI,sgx,2018-07-19 00:00:00,BRIEF-Wheelock And Co Unit Launches Voluntary Unconditional General Offer For All Shares Of Wheelock Properties (Singapore),M35
M35.SI,sgx,2018-07-16 00:00:00,BRIEF-Wheelock Properties (Singapore) Limited Requests For Trading Halt,M35
BMA.SI,sgx,2018-07-24 00:00:00,BRIEF-Weiye Holdings Says Delisting Resolution Was Duly Approved And Passed By Shareholders,BMA
Z59.SI,sgx,2018-07-24 00:00:00,BRIEF-Yoma Strategic Holdings Posts Qtrly Loss Attributable Of S$15.9 Mln,Z59
Z25.SI,sgx,2018-07-09 00:00:00,BRIEF-Yanlord Land Group Says Acquired Property For RMB2.94 Bln,Z25
BS6.SI,sgx,2018-07-06 00:00:00,"BUZZ-Singapore's Straits Times Index breaks support at 3,216 pts, sinks to 14-month low",BS6
T8B.SI,sgx,2018-07-31 21:07:00,BRIEF-Viva Industrial Trust Says SGX-ST Has No Objection To Delist VIT,T8B
F34.SI,sgx,2018-07-31 12:33:00,Singapore's Wilmar says loan facility upsized to $1.80 bln,F34
F34.SI,sgx,2018-07-31 10:22:00,BRIEF-Wilmar International Says Final Documentation For $1.8 Bln Syndicated Loan Facility Signed,F34
F34.SI,sgx,2018-07-25 00:00:00,BRIEF-Wilmar International Says Uniland Consulting (Shanghai) Co Placed Under Members' Voluntary Liquidation,F34
F34.SI,sgx,2018-07-18 00:00:00,Palm oil from Indonesia's shrinking forests taints global brands - report,F34
F34.SI,sgx,2018-07-13 00:00:00,BRIEF-Wilmar International Announces Joint Venture Agreement With Sats Food Services Pte,F34
F34.SI,sgx,2018-07-03 00:00:00,BRIEF-Wilmar Says Martua Sitorus Resigns As Non-Independent Non-Executive Director,F34
BIP.SI,sgx,2018-07-11 00:00:00,BRIEF-Vibrant Group Limited Seeks Trading Halt,BIP
U13.SI,sgx,2018-07-18 00:00:00,BRIEF-United Overseas Insurance Posts Hy Profit Attributable Of S$11.4 Mln,U13
U06.SI,sgx,2018-07-27 10:41:00,BRIEF-United Industrial Corporation Says Qtrly Profit Attributable S$108.5 Mln VS S$73.9 Mln,U06
545.SI,sgx,2018-07-16 00:00:00,BRIEF-Vallianz Holdings Proposes Consolidation Of Every 30 Existing Ordinary Shares Into One Consolidated Share,545
545.SI,sgx,2018-07-04 00:00:00,BRIEF-Vallianz Holdings Updates On Share Consolidation,545
MS7.SI,sgx,2018-07-25 00:00:00,BRIEF-Fincantieri's Unit To Delist From Main Board Of Singapore Exchange Securities Trading Limited,MS7
MS7.SI,sgx,2018-07-25 00:00:00,BRIEF-Vard Holdings Says Shareholders Approve Delisting Of Co From Main Board Of Singapore Exchange,MS7
MS7.SI,sgx,2018-07-24 00:00:00,BRIEF-Vard Holdings Requests For Trading Halt,MS7
MS7.SI,sgx,2018-07-24 00:00:00,BRIEF-Vard Says Contracts For Design And Construction Of Two Cruise Vessels For Viking Confirmed,MS7
MS7.SI,sgx,2018-07-23 00:00:00,BRIEF-Vard Holdings Says Unit Seaonics Secures Euro 23 Mln Contracts For Equipment Packages,MS7
MS7.SI,sgx,2018-07-18 00:00:00,BRIEF-Vard Holdings Secures A Contract For Construction Of A Vessel,MS7
MS7.SI,sgx,2018-07-18 00:00:00,BRIEF-Vard Holdings Confirms Contract For Design & Construction Of 1 Luxury Expedition Cruise Vessel,MS7
MS7.SI,sgx,2018-07-03 00:00:00,BRIEF-Vard Holdings Says Secured Contract For Luxury Expedition Cruise Vessel For Hapag-lloyd Cruises,MS7
U14.SI,sgx,2018-07-16 00:00:00,BRIEF-UOL Group Announces Acquisition Of Property In Indonesia For US$56.3 Mln,U14
U11.SI,sgx,2018-07-26 10:52:00,SE Asia Stocks-End higher; Philippines up for third straight session,U11
U11.SI,sgx,2018-07-17 00:00:00,BRIEF-United Overseas Bank Says Sydney Branch Intends To Issue A$600 Mln Floating Rate Notes,U11
U11.SI,sgx,2018-07-17 00:00:00,Fitch Rates UOB's AUD600m Senior Unsecured Notes 'AA-',U11
BFU.SI,sgx,2018-07-27 12:09:00,BRIEF-Tye Soon Says Expects A Decline In Performance Resulting In A Small Loss For HY,BFU
T24.SI,sgx,2018-07-31 11:39:00,BRIEF-Tuan Sing Holdings Says CFO Chong Chou Yuen Retires,T24
T24.SI,sgx,2018-07-25 00:00:00,BRIEF-Tuan Sing Holdings Posts Qtrly Net Profit Attributable Of S$3 Mln,T24
T24.SI,sgx,2018-07-02 00:00:00,BRIEF-Tuan Sing Announces Gul Technologies Singapore Share Transaction,T24
A50.SI,sgx,2018-07-27 10:36:00,"BRIEF-Thomson Medical Group Enters Deal With Ivi-Rma Global, S.L. Regarding Proposed Joint Venture",A50
A50.SI,sgx,2018-07-02 00:00:00,BRIEF-Thomson Medical Group Appoints Tan Zing Yuen As CFO,A50
42T.SI,sgx,2018-07-24 00:00:00,BRIEF-Trendlines Group Announces Termination of Term Sheet and Joint Venture Agreement,42T
42T.SI,sgx,2018-07-10 00:00:00,BRIEF-Corrected-Trendlines Group Appointed Haim Brosh As CFO,42T
S9B.SI,sgx,2018-07-26 12:48:00,BRIEF-Tee Land Says It Won't Exercise Its Option For The Proposed Acquisition Of Land,S9B
M1Z.SI,sgx,2018-07-31 11:30:00,BRIEF-Tee International Co Was Awarded S$65 Million Worth Of New Engineering Contracts From February To July 2018,M1Z
Y92.SI,sgx,2018-07-30 08:27:00,Vietnam's largest brewer Sabeco Q2 net profit slips,Y92
Y92.SI,sgx,2018-07-23 00:00:00,BUZZ-Singapore-listed Thai Beverage could fall further - technicals,Y92
Y92.SI,sgx,2018-07-23 00:00:00,Vietnam's largest brewer Sabeco sees 19 pct plunge in FY profit,Y92
Y92.SI,sgx,2018-07-02 00:00:00,BUZZ-Singapore-listed Thai Beverage sinks to 28-month low; charts indicate further downside,Y92
T03.SI,sgx,2018-07-19 00:00:00,BRIEF-Tat Hong Holdings Says Co Will Be Delisted From Official List Of SGX-St On July 20,T03
CTN.SI,sgx,2018-07-09 00:00:00,"BRIEF-Breadtalk Group Updates On Purchase Of Property Located At 8 And 8A Sixth Avenue, Singapore",CTN
CTN.SI,sgx,2018-07-02 00:00:00,BRIEF-Breadtalk Group Says Btg-Pindao Venture Pte Enters Joint Venture Deal With Song Fa,CTN
A33.SI,sgx,2018-07-16 00:00:00,BRIEF-Blumont Group Announces Acquisition Of Samadhi Retreats Pte Ltd,A33
B10.SI,sgx,2018-07-16 00:00:00,BRIEF-Boardroom Proposes Acquisition Of Certain Symphony House Units,B10
AVM.SI,sgx,2018-07-16 00:00:00,BRIEF-Boustead Projects Announces Incorporation Joint Venture Company In Vietnam,AVM
B58.SI,sgx,2018-07-24 00:00:00,BRIEF-Banyan Tree Holdings Announces Sale Of Seychelles Portfolio,B58
41H.SI,sgx,2018-07-16 00:00:00,UPDATE 1-Indonesia's PLN boss denies links to power station graft case,41H
BEC.SI,sgx,2018-07-11 00:00:00,BRIEF-BRC Asia Announces Disposal of Stake in Nuform System Asia Pte & Nuformsystem SDN BHD,BEC
BTP.SI,sgx,2018-07-26 11:32:00,BRIEF-RHT Capital Says BT Investment To Make Mandatory Unconditional Cash Offer For CH Offshore,BTP
BTP.SI,sgx,2018-07-02 00:00:00,BRIEF-Baker Technology Terminates Binding Term Sheet For Proposed Investment Into EMAS Offshore,BTP
1I5.SI,sgx,2018-07-20 00:00:00,BRIEF-Ayondo Says Sean Downey Appointed CFO,1I5
1I5.SI,sgx,2018-07-31 15:49:00,BRIEF-Ayondo Ltd Says Thomas Winkler Re-Designated To Non-Executive Chairman,1I5
5UL.SI,sgx,2018-07-11 00:00:00,BRIEF-Atlantic Navigation Holdings (Singapore) Requests Trading Halt,5UL
U09.SI,sgx,2018-07-03 00:00:00,BRIEF-Avarga Unit Will Acquire All Of Issued Shares Of Exterior Wood For A Purchase Price Of Us$42 Million,U09
U09.SI,sgx,2018-07-20 00:00:00,BRIEF-Avarga Ltd Says Unit Granted Beni Warehousing Pte Option To Purchase Property For S$18.6 Mln,U09
5AM.SI,sgx,2018-07-16 00:00:00,ADVISORY-Alert on Asiatravel.com Holdings expected result withdrawn,5AM
5AM.SI,sgx,2018-07-16 00:00:00,ADVISORY-Alert on Asiatravel.com Holdings expected result withdrawn,5AM
5AM.SI,sgx,2018-07-04 00:00:00,BRIEF-Asiatravel.Com Holdings Requests Trading Halt,5AM
5WV.SI,sgx,2018-07-20 00:00:00,BRIEF-Asiaphos Says Group Is Expected To Report A Net Loss For 2Q2018,5WV
5WV.SI,sgx,2018-07-20 00:00:00,BRIEF-Asiaphos Ltd Updates On Ongoing Negotiations With Bohai Bank,5WV
A68U.SI,sgx,2018-07-24 00:00:00,BRIEF-Ascott Residence Trust Posts Qtrly Gross Profit S$63.1 Mln,A68U
A17U.SI,sgx,2018-07-26 10:48:00,BRIEF-Ascendas Real Estate Investment Trust Announces Proposed Acquisition Of UK Logistics Portfolio,A17U
A17U.SI,sgx,2018-07-30 11:43:00,BRIEF-Ascendas Real Estate Investment Trust Posts Qtrly Net Property Income Of S$159.207 Mln,A17U
CY6U.SI,sgx,2018-07-31 11:54:00,BRIEF-Ascendas India Trust Announces Acquisition Of Properties In Hyderabad For S$277.5 Mln,CY6U
5VU.SI,sgx,2018-07-31 12:20:00,BRIEF-Arion Entertainment Singapore Announces Share Consolidation,5VU
5AL.SI,sgx,2018-07-26 02:56:00,"BRIEF-Annica Announces Proposed Disposal Of 350,000 Ordinary Shares In GPE Power Systems (M)",5AL
A52.SI,sgx,2018-07-02 00:00:00,BRIEF-Annaik Appoints Ow EEI Meng Benjamin As Deputy CEO,A52
Y35.SI,sgx,2018-07-30 11:12:00,BRIEF-AnAn International Says Anan Gp Received A Statutory Demand On July 23,Y35
40F.SI,sgx,2018-07-12 00:00:00,BRIEF-Alliance Mineral Assets Says Shareholder To Vote In Favour Of Proposed Merger With Tawana Resources,40F
40F.SI,sgx,2018-07-01 00:00:00,BRIEF-Alliance Mineral Assets Clarifies On Media Article Published On June 27,40F
BLZ.SI,sgx,2018-07-30 12:14:00,BRIEF-Advanced Holdings Appoints Teo Siok San Samantha As Deputy CEO,BLZ
40F.SI,sgx,2018-07-05 00:00:00,BRIEF-Burwill Holdings Subscribes For 13 Mln Placement Shares In Alliance Mineral Assets,40F
ADQU.SI,sgx,2018-07-12 00:00:00,BRIEF-Accordia Golf Updates On Portfolio Following Heavy Rainfall In Western Japan,ADQU
ADQU.SI,sgx,2018-07-27 10:30:00,BRIEF-Accordia Golf Trust Appoints Fumihiko Niwa As CFO,ADQU
5FH.SI,sgx,2018-07-24 00:00:00,BRIEF-Advance SCT Says Teh Wing Kwan Appointed As CEO,5FH
A13.SI,sgx,2018-07-02 00:00:00,BRIEF-Allied Technologies Proposes To Buy Stake In Activpass Holdings Pte,A13
AWX.SI,sgx,2018-07-30 12:02:00,BRIEF-AEM Holdings Posts Qtrly Profit Of S$9.5 Mln,AWX
B10.SI,sgx,2018-07-16 00:00:00,BRIEF-Boardroom Proposes Acquisition Of Certain Symphony House Units,B10
AVM.SI,sgx,2018-07-16 00:00:00,BRIEF-Boustead Projects Announces Incorporation Joint Venture Company In Vietnam,AVM
B58.SI,sgx,2018-07-24 00:00:00,BRIEF-Banyan Tree Holdings Announces Sale Of Seychelles Portfolio,B58
BTP.SI,sgx,2018-07-26 11:32:00,BRIEF-RHT Capital Says BT Investment To Make Mandatory Unconditional Cash Offer For CH Offshore,BTP
BTP.SI,sgx,2018-07-02 00:00:00,BRIEF-Baker Technology Terminates Binding Term Sheet For Proposed Investment Into EMAS Offshore,BTP
CTN.SI,sgx,2018-07-09 00:00:00,"BRIEF-Breadtalk Group Updates On Purchase Of Property Located At 8 And 8A Sixth Avenue, Singapore",CTN
CTN.SI,sgx,2018-07-02 00:00:00,BRIEF-Breadtalk Group Says Btg-Pindao Venture Pte Enters Joint Venture Deal With Song Fa,CTN
BEC.SI,sgx,2018-07-11 00:00:00,BRIEF-BRC Asia Announces Disposal of Stake in Nuform System Asia Pte & Nuformsystem SDN BHD,BEC
A33.SI,sgx,2018-07-16 00:00:00,BRIEF-Blumont Group Announces Acquisition Of Samadhi Retreats Pte Ltd,A33
U09.SI,sgx,2018-07-20 00:00:00,BRIEF-Avarga Ltd Says Unit Granted Beni Warehousing Pte Option To Purchase Property For S$18.6 Mln,U09
U09.SI,sgx,2018-07-03 00:00:00,BRIEF-Avarga Unit Will Acquire All Of Issued Shares Of Exterior Wood For A Purchase Price Of Us$42 Million,U09
5UL.SI,sgx,2018-07-11 00:00:00,BRIEF-Atlantic Navigation Holdings (Singapore) Requests Trading Halt,5UL
41H.SI,sgx,2018-07-16 00:00:00,UPDATE 1-Indonesia's PLN boss denies links to power station graft case,41H
5AM.SI,sgx,2018-07-16 00:00:00,ADVISORY-Alert on Asiatravel.com Holdings expected result withdrawn,5AM
5AM.SI,sgx,2018-07-16 00:00:00,ADVISORY-Alert on Asiatravel.com Holdings expected result withdrawn,5AM
5AM.SI,sgx,2018-07-04 00:00:00,BRIEF-Asiatravel.Com Holdings Requests Trading Halt,5AM
5WV.SI,sgx,2018-07-20 00:00:00,BRIEF-Asiaphos Ltd Updates On Ongoing Negotiations With Bohai Bank,5WV
5WV.SI,sgx,2018-07-20 00:00:00,BRIEF-Asiaphos Says Group Is Expected To Report A Net Loss For 2Q2018,5WV
CY6U.SI,sgx,2018-07-31 11:54:00,BRIEF-Ascendas India Trust Announces Acquisition Of Properties In Hyderabad For S$277.5 Mln,CY6U
5VU.SI,sgx,2018-07-31 12:20:00,BRIEF-Arion Entertainment Singapore Announces Share Consolidation,5VU
5AL.SI,sgx,2018-07-26 02:56:00,"BRIEF-Annica Announces Proposed Disposal Of 350,000 Ordinary Shares In GPE Power Systems (M)",5AL
A52.SI,sgx,2018-07-02 00:00:00,BRIEF-Annaik Appoints Ow EEI Meng Benjamin As Deputy CEO,A52
A68U.SI,sgx,2018-07-24 00:00:00,BRIEF-Ascott Residence Trust Posts Qtrly Gross Profit S$63.1 Mln,A68U
Y35.SI,sgx,2018-07-30 11:12:00,BRIEF-AnAn International Says Anan Gp Received A Statutory Demand On July 23,Y35
A17U.SI,sgx,2018-07-30 11:43:00,BRIEF-Ascendas Real Estate Investment Trust Posts Qtrly Net Property Income Of S$159.207 Mln,A17U
A17U.SI,sgx,2018-07-26 10:48:00,BRIEF-Ascendas Real Estate Investment Trust Announces Proposed Acquisition Of UK Logistics Portfolio,A17U
A13.SI,sgx,2018-07-02 00:00:00,BRIEF-Allied Technologies Proposes To Buy Stake In Activpass Holdings Pte,A13
AWX.SI,sgx,2018-07-30 12:02:00,BRIEF-AEM Holdings Posts Qtrly Profit Of S$9.5 Mln,AWX
BLZ.SI,sgx,2018-07-30 12:14:00,BRIEF-Advanced Holdings Appoints Teo Siok San Samantha As Deputy CEO,BLZ
5FH.SI,sgx,2018-07-24 00:00:00,BRIEF-Advance SCT Says Teh Wing Kwan Appointed As CEO,5FH
ADQU.SI,sgx,2018-07-27 10:30:00,BRIEF-Accordia Golf Trust Appoints Fumihiko Niwa As CFO,ADQU
ADQU.SI,sgx,2018-07-12 00:00:00,BRIEF-Accordia Golf Updates On Portfolio Following Heavy Rainfall In Western Japan,ADQU
40F.SI,sgx,2018-07-12 00:00:00,BRIEF-Alliance Mineral Assets Says Shareholder To Vote In Favour Of Proposed Merger With Tawana Resources,40F
40F.SI,sgx,2018-07-05 00:00:00,BRIEF-Burwill Holdings Subscribes For 13 Mln Placement Shares In Alliance Mineral Assets,40F
40F.SI,sgx,2018-07-01 00:00:00,BRIEF-Alliance Mineral Assets Clarifies On Media Article Published On June 27,40F
O5RU.SI,sgx,2018-07-26 01:03:00,BRIEF-Aims Amp Capital Industrial Says Qtrly Distribution 2.50 Cents Per Unit,O5RU
AWG.SI,sgx,2018-07-30 11:25:00,BRIEF-Aei Corporation Expects To Report A Loss For HY2018.,AWG
43F.SI,sgx,2018-07-13 00:00:00,BRIEF-Acromec Secures Contract In Healthcare Sector Valued At S$2.9 Mln,43F
5GZ.SI,sgx,2018-07-31 11:35:00,"BRIEF-AA Group Holdings Ltd Says Minor Fire Occurred At 60 Benoi Road, Singapore",5GZ
502.SI,sgx,2018-07-13 00:00:00,"Moody's downgrades WEC Energy, Wisconsin Energy Capital and Integrys to Baa1 from A3; stable outlook",502
